name,locationName,websiteUrl
Twelve 25,,http://www.thetwelve25.com
The Cozy Cottage,,https://cozyupdenver.com/
Foundry Kitchen and Tavern,"Sandy Hook, CT 06482",http://www.foundrykitchenandtavern.com
Market Line,Que Chevere,https://www.quechevereles.com
Vinted Wine Bar & Kitchen,,http://www.vintedwinebar.com
Egg Harbor Cafe,Sandy Springs,https://www.eggharborcafe.com/
Eat Love,,http://www.eatlove.co
Rough Diamond Brewery,,http://roughdiamondbrewery.com
Burger Daddy,,http://www.eatburgerdaddy.com
Tradewinds at Jiffy,,http://tradewindscafe.com
Blue Ruin,,http://www.blueruinbar.com
Egg Harbor Cafe,Libertyville,https://www.eggharborcafe.com/
Craft Tasting Room,,https://craftgrowlershop.com
Empanada Mamis,,https://www.empanadamami.com
Aurelio's,South Loop,https://www.aureliospizza.com/location/homewood/
Irby's Tavern,,https://www.irbystavern.com/
Draught Horse Pub & Grill,Draught Horse Philadelphia,http://www.DraughtHorse.com
The Gruff,,http://www.atthegruff.com
Paris Baguette,1010-40th & 7th,https://www.parisbaguette.com
Gitta's Table & Wine Shop,,http://www.gittastable.com/
Carrot Tree Kitchens,Williamsburg,http://www.carrottreekitchens.com
Omi Omy,Big Y shopping plaza,http://www.omiomyrestaurant.com
Reaver Beach Brewing Co.,VIRGINIA BEACH,http://www.reaverbeach.com
BLAST AND BREW,San Jose,https://blastandbrewsj.com/
Hook & Ladder Pizza Company,"Hollister,MO",http://www.Hookandladderpizza.com
Jake Rooney's,,http://www.jakerooneys.com
Dandelions Restaurant,,https://dandelionsrestaurant.com/
Comedor,Austin,http://www.comedortx.com
Reid's Sports Bar and Grill,,http://www.ReidsSportsBar.com
Mila,Miami Beach,http://www.milarestaurant.com
Corrida,,https://www.corridaboulder.com/
Paris Baguette,1021-1450 Broadway,https://www.parisbaguette.com
The Purple Onion,,http://www.purpleonionsaluda.com
"Spoons, Soups, Salads & Sandwiches",Campus West,https://espoons.com/
Island Fin Poke,Bowie,https://www.islandfinpoke.com/
STREETSIDE MARKET,201 West Thomas,http://www.streetsidemarket.com
Gino's Pizzeria & Restaurant,,https://www.ginosatbroadway.com
Street,,https://www.streetfood360.com/
Lugano Ristorante,,http://www.luganocary.com
Vince’s Pizza & Family Restaurant (Burnham),Burnham,https://www.vincespizzaandfamilyrestaurant.com/
W's China Bistro,Redondo Beach,https://wschinabistro.com
F&D Woodfired Italian Kitchen,Hourglass District,https://fdwoodfireditaliankitchen.com
Sultan's Kebab,Danville,http://www.sultanskebab.net
Egg Harbor Cafe,Golden Image,https://www.eggharborcafe.com/
Colabbo Restaurant,,http://www.colabborestaurant.com
Monkey Monkey Coffee and Tea,NOLA,http://www.monkeymonkeynola.com
Hotboys - Oakland,,https://worldfamoushotboys.com/
38 Degrees,,https://www.twincitiescateringmn.com
Rock N Roll Sushi,McDonough GA,http://www.rnrsushi.com
Food On The Run,,https://chicagofoodontherun.com/
Castelli's Moonlight at 255,,https://www.castellis255.com/
Kimo’s Kitchen,Rockaway Beach,http://www.kimoskitchen.com
Mae Ploy's Thai Restaurant,"11 S Broadway, Lebanon, OH 45036",https://www.maeploysthai.com/
Mediterranean Breeze,Kent,https://www.kentmb.com
YoYo Juice,Bloomingdale Ave,http://www.yoyojuice.com
Cosmo's Little Italy Pizza,Lawrenceville Square,https://pizzaoncrogan.com/menu/
June BYOB,,https://junebyob.com
Bardenay,Boise,http://www.bardenay.com
Chef Adrianne's,Vineyard Restaurant,http://chefadriannes.com/
Farmer's Table,NPB,http://www.farmerstableboca.com
Little Deli & Pizzeria,7101 Woodrow Ave,https://www.littledeliandpizza.com
Old Shawnee Pizza,Shawnee,http://www.shawneepizza.com
La Palapa Grill & Cantina,La Pa Ellicott City,http://www.lapalapagrill.com
The Upper Crust,"Gettysburg, PA",https://theuppercrustpizzas.com
Rock N Roll Sushi,Tupelo,http://www.rnrsushi.com
Cracked Eatery by Chef Adrianne,,http://igotcracked.com/
The Beverly,,http://www.thebeverlyatl.com
Parterre,Linden Row Inn,https://parterrerva.com/
Casa Martin,Ocean Ave,https://www.casamartinsm.com
Earl's Rib Palace,S. Broadway (Edmond),http://www.earlsribpalace.com
Hands On Thai & Sushi,Iriving Park,http://www.handson.us
Pizzeria Angie's,,http://www.PizzeriaAngies.com
Scrambled,2540 Congress Street,http://www.scrambledeatery.com
Kitchen Social,,https://ourkitchensocial.com/
Little Lois Cafe,,http://www.LittleLois.com
27 Bar + Kitchen,,https://www.27bar.kitchen
Cafe 27,Topanga,http://www.cafe27topanga.com
Superior Grill,New Orleans,https://superiorgrill.com/
Spalding's Bakery,,http://spaldingsbakery.com
SOL Pie Pizza,,http://www.solpiepizza.com
Hello Hookah Delivery & Pickup,,https://www.hhookahdelivery.com/
Harry Caray's,Navy Pier,https://harrycarays.com
Lickity Split,,http://www.lickitysplit.info/
The Verandah at Broadway Market,"Fells Point, Baltimore",http://www.theverandahkitchen.com
The Birdhouse,,https://www.birdhouseslc.com/
Good Bird,New Orleans,https://www.goodbirdnola.com
The Fairways at Deerwood,,https://www.fairwaysatdeerwood.com/
Stir the Pot,,http://www.stirthepot.restaurant/
Pure Taqueria,Inman Park,https://www.puretaqueria.com/
Sol Liquor Lounge,"Capitol Hill, Seattle",http://www.solliquor.com
Maggie's Cafe,Barrio Logan,https://maggiescafe2014.com/
Uncle Bear's Brewery,Gilbert,http://www.unclebearsaz.com
Droidcon Toast Café,Droidcon 2019,http://pos.toasttab.com
Living Green Cafe,East Boca,http://www.livinggreencafe.com
La Palapa Too,Maple Lawn,http://lapalapatoo.com
V Bistro,,https://www.vbistromn.com
Umi Sushi Kitchen,,https://umispokane.com/
Tinto & Tapas,,http://www.tintoandtapas.com
Bodhi Federal Hill,,https://bodhifedhill.com
Red Face Jacks,,http://www.redfacejacks.com
Wayfare Tavern,,https://wayfaretavern.com
Pure Taqueria,Woodstock,https://www.puretaqueria.com
Ancora Coffee,University Ave,http://www.ancoracafes.com/university-ave/
Appalachian Tea,,https://www.appalachiantea.com/
Rodney Corner Cafe,,http://www.rodneycorner.com
Olive Bistro,Midtown,https://www.olivebistro.com/
National Mechanics,,https://www.nationalmechanics.com/
The Original Pancake House,Birmingham,http://www.oph-mi.com
Hat Rock Cafe,,https://www.hatrockinn.com
Pancho's Vegan Tacos,Tropicana,http://www.vegantacos.net
Travelers Table,,http://www.travelerstable.com
Pulp Fiction,Lakeside,http://www.pulpfictionrva.com
Eat Brgz,,http://www.eatbrgz.com
CALA,,https://www.calarestaurant.com/
Togo's,340491 - San Jose-San Pedro,http://togos.com
Kiki,College Hill,http://www.kikicincinnati.com
Thai Spoon Las Vegas,,https://thaispoonlasvegas.com
Ruby Juice,,https://rubyjuicecheyenne.blogspot.com/?fbclid=IwAR3_xEIlPPXBDsOutio-2cOER4sHUkOZcltiBVc_IhkVRUFWNyvWT2vMwAk
Orofino,,http://www.orofinorestaurant.com
PEPPAS JERK CHICKEN,PEPPAS JERK CHICKEN,https://www.peppasonline.com
Noble Smoke BBQ,,http://www.noblesmokebbq.com
Annex 25,,http://www.annex25.com
100 Fires,South Durango,http://www.100firescaribbean.com
Piper Inn,,http://piperinn.com
Dolce Restaurant & Wine Bar,Westmont,http://www.dolcewestmont.com
Ma Gloria's Trinidad Restaurant & Catering,,https://www.magloriastrinidadcatering.com/
MoJoe's Burger Joint,Glenwood South Raleigh,https://mojoesburgerjoint.com/
FSK 0011,Los Angeles - West Pico Blvd,http://www.eatlospolloshermanos.com
Dock Local Uptown,,http://thedocktexas.com
Meat Bar,,https://meatbarrestaurant.com/
La Fontana Steakhouse,,https://lafontanasteakhouse.com
ROKU,ROKU,https://rokusunset.com
Nostalgia Brewing,,https://www.nostalgiabrewing.com
Sampa's Pizza Lomita,Lomita,http://www.sampaspizza.com
Teas'n You,Teas'n You Tysons Corner,http://www.teasnyou.com
Togo's,Demo,http://togos.com
Atlantic City Sub Shops,,https://www.atlanticcitysubshops.com/
Nourish Coffee Bar + Kitchen,,http://www.NourishCHWB.com
Caja Caliente,Coral Gables,http://www.caja-caliente.com
Soup N Burger,Emmons Ave,http://www.soupnburger.com
Coszcal De Allende,,http://www.coszcal.com
Uptown Sushi,,https://www.uptown-sushi.com
Roy-Pitz Beer Stube,,http://www.thestube.com
Primeval Brewing,,http://primevalbrewco.com/
The Chicken Rice,,http://www.thechickenrice.us
PourMyBeer Test Restaurant,,https://pourmybeer.com
Rakuten Ramen,New concept of drive through ramen,http://www.rakutenramen.com
Joey's Kendal Tavern,,http://joeyskendaltavern.com
Roll Play,Roll Play Tysons Corner,http://www.rollplaygrill.com
Red Monkey Downtown,Red Monkey Walla Walla,https://redmonkeydowntown.com/
JT Schmid's Restaurant & Brewery,Anaheim,http://www.jtschmidsrestaurants.com
The Verandah,Wilmington,http://www.theverandahkitchen.com
Chow Wok,Dairy Ashford,http://www.chowwoktx.com
Condesa,,https://www.condesaphilly.com/
Zia Maria Bakery & Cafe,,http://www.ziamariasbakery.com
Island Fin Poke,Las Vegas,https://www.islandfinpoke.com/menu
SHIOK!,Torrance,https://www.shiokeats.com/
Irondequoit Beer Company,,http://irondequoitbeercompany.com
Frothy Monkey,Franklin,http://www.frothymonkey.com
The Boston Sail Loft,,http://www.thebostonsailloft.com
Bravo Pizza,Santa Maria,https://bravopizzadelivery.com
Lucy's Sauggy Dollar Bar,,http://www.sauggydollarbar.com
Ponderosa Steakhouse,Scottsburg,http://www.pondotogo.com
Schnitzel Plus,Englewood,http://www.schnitzelplus.com/
Mouton's Bistro & Bar,Cedar Park,http://www.moutonsbistro.com/cedar-park/
Route 66 Taco Company,,https://www.route66tacoco.net/
Frothy Monkey,Downtown Nashville,http://www.frothymonkey.com
Frothy Monkey,Southside.,https://www.frothymonkey.com
Kuro-Obi,Essex Crossing,https://kuroobi.nyc/
Real McCoy's,,http://www.realmccoysnc.com
Connie's Chicken and Waffles DeCo,,http://www.connieschickenandwaffles.com
Pasta Moon,,http://www.pastamoon.com
Taco Love Grill - White Marsh,White Marsh,http://www.tacolovegrill.com
Childers Eatery,Humboldt,https://www.childerseatery.com/
BackSpin Indoor Golf & Bar,,https://www.golfbackspin.com/
Kitchen for the Soul,,http://kitchenforthesoulatx.com
The New York Bagel Factory,Coral Springs,https://www.newyorkbagelfactory.com
Grateful Biscuits & Pizza,,https://www.gratefulbiscuits.com/
Raag Progressive Indian Cuisine,Minneapolis MN,http://www.raagindiancuisine.com/
Butterfly Burger,,http://www.butterflyburger.com
Green Hills Grille,,http://ghgrille.com
Marigold Cafe,,http://www.marigoldabq.com
The Pasta House,,http://thepastahouse.net
Loaded Links,,http://www.loadedlinks.com
EPAREPA Cafe & Bistro,Doral,http://www.eparepa.com
Viggiano's on Sunset,Cape May NJ,https://viggianosbyob.com/
Arte Pizzeria,,https://www.artepizzeria.com
Brother's Pizzeria,Newport,https://www.brotherspizzerianewport.com
aioli South End,South End,http://www.aioliwpb.com
Lickety Split Casual Dining,Atlanta (Near Airport),http://www.licketysplitdining.com/
Pure Taqueria,Duluth,https://www.puretaqueria.com
Burger Village,San Luis Obispo,http://burgervillage.com
Hollywood Pizza Cafe,Hollywood,http://www.hollywoodpizzacafe.com
The Monroe Grill,,http://www.theMONROEgrill.com
Saigon Cafe,Duluth,http://www.saigoncafeusa.com
Taps Bar & Grill,Austell,https://tapsbargrill.com/
Soul Gastrolounge,,http://www.soulgastrolounge.com
BAPS!,,http://www.bapsrestaurant.com
Triple Bottom Brewing Company,915 Spring Garden Street,http://www.triplebottombrewing.com
THB Bagelry + Deli,Timonium,http://www.eatTHB.com
More Than Java Cafe,Bethesda,https://www.morethanjavacafe.com
108 Sports Lounge,108,http://www.108sportslounge.com
Giovanni's Bar and Restaurant,Giovanni's Bar and Restaurant,http://giovannisbarandrestaurant.com/
Crepes a la Cart,,http://www.crepesalacartnola.com
Flambeau Forest Inn,,http://www.flambeauforestinn.net
Maximiliano,Highland Park,http://maximilianohp.com/
Farmer's Table,Boca Raton,http://www.farmerstableboca.com
Landmark,,https://www.landmarkcleveland.com
Corner Juice,Downtown,http://www.cornerjuice.com
Sushiato,Brickell,http://www.sushi-ato.com
Crushed Pizzeria,Chicago,http://www.crushedpizzeria.com
UKraft,Clayton,https://www.ukrafteats.com/
Bricco,Pub,https://www.pubbricco.com/
Simply Slices,Mokena,http://www.simplyslices.com
Les Amis Restaurant,,http://www.lesamisrestaurant.com
Whim Wine Bar,,https://www.whimwinebar.com/
Kai,,http://www.kaiphilly.com
Tomé Catering,,http://www.tomecatering.com
Redwood Grill,,http://www.rwgrill.com
Sumiao Hunan Kitchen,,https://www.sumiaohunan.com/
Anchor Up Cafe,,https://www.anchorupcafe.com
Maggie's Cafe,Greyling Dr,https://maggiescafe2014.com/
Lonesome Buck Brewing Co.,"Greeley, CO",http://www.lonesomebuck.com
Stewart's Rootbeer,,http://www.stewartslb.com
Good Cakes and Bakes,Livernois,http://www.goodcakesandbakes.com
Joe Donut,Glenview,https://joedonut.com/
Revival Hall Taproom,,http://www.revivalhall.com
Mezcalito's Cocina & Tequila Bar,Grant Park,http://www.mezcalitoscocina.com
Parma Tavern,,http://parmarustictavern.com/
Highline,,https://www.highlineseattle.com/
Stone Hut Bar and Grill,Stone Hut Neighborhood Bar,https://stonehutbar.com/
Bite Food & Coffee Co.,Broadway BEING REBUILT,http://www.bitefoodcoffee.com
Flavors of Nawab,,http://www.flavorsofnawab.com
The Jellyfish Restaurant & Bar,Perdido Key,https://www.thejellyfishbar.com/
Meals From The Heart Cafe,NOLA,http://www.mealsfromtheheartcafe.com
The Big Easy,Ybor City,http://thebigeasybar.com/
Carbon - Coal Fired Pit Beef,at the Graze Provisions + Libations Food and Drink Hall,https://carbonpitbeef.com
Helen's Asian Fusion Bar,,http://www.helensnewyork.com
Merchant Cafe,New Orleans,http://www.merchantneworleans.com/
DOMINIC'S PIZZA,,http://www.dominicspizza.biz
Urban Cookhouse,Montgomery,https://www.urbancookhouse.com
Bo's BBQ,,http://www.bosbreakfastandbbq.com
Bravo Pizza,Lompoc,https://www.bravopizzadelivery.com
District North,,https://district-north.com
Two Cafe and Boutique,,http://www.twocafeandboutique.com/
Amsterdam Cafe,,http://www.amsterdamcafeauburn.com
The Grainery,Plain City,https://www.thegraineryplaincity.com/
Corner Juice,University,http://www.cornerjuice.com
Rock N Roll Sushi,McDonough GA (OLD),http://www.rnrsushi.com
PopoJito,,https://popojito.com
Trophy Tap + Table,Downtown,https://www.trophybrewing.com/tap-table-menu
Renna's Pizza,Jax Beach,http://www.rennaspizza.com/
The Rathskeller,,http://rathskellermd.com
Togo's,332020 - Anaheim-E. Katella,http://togos.com
The Walnut Kitchen,,https://www.thewalnutkitchen.com/
Bionic Burger,2404 S Meridian,http://www.bionic-burger.com
I C Juicy Ice Cream Roll & Bubble Tea,,http://icjuicy.com
Magic Cup Cafe,Magic Cup Richardson,https://www.magiccupcafe.com
THB Bagelry + Deli,Canton,http://www.eatTHB.com
Olive and Twist,,http://www.oliveandtwist.rocks
NATIONS - Frothy Monkey,The Nations,https://www.frothymonkey.com
Nhinjo South Western,South Western,https://www.nhinjo.com
Milwaukee Ale House,Third Ward,http://ale-house.com/
Apollonia,,http://www.apolloniabk.com
East of Omaha,,https://eastofomaha.com/
Some Burros,9 - Rural Rd,http://someburros.com
Vicky Cafe Doral,Doral,http://www.vickybakery.com
Cane A Sucre,Downtown,https://caneasucredowntown.com/
IT! Italy,Las Olas Boulevard,http://ititaly.us/
Togo's,Paylast Internal,http://togos.com
"Restaurant, Pub & Games",,https://rpglawrence.com
Celebrate Cafe,,http://www.celebratecafeny.com/index.html
Tonic at Quigleys,Foggy Bottom,http://tonicrestaurantdc.com/
212 Pizza Co.,,https://212pizzaco.com
Rose & Lois,,http://www.roseandlois.com
What's for Doner,,http://www.wfdoner.com/
Higher Ground Coffee Co.,Martin,http://www.highergroundcoffee.com
Pago,,http://www.pagoslc.com
Don Tequila Bar and Restaurant,817 blackwood clementon rd,https://www.dontequilanj.com/#/
La Masa Empanada Bar,,https://lamasaempanadas.com/
Mudrock's Tap & Tavern,,http://mudrockstapandtavern.com
Italia Gardens,Oxford,https://www.italiagardensoxford.com
More Than Pasta,Park Ridge,http://morethanpasta.com/
Colorado Taproom & Grill,,http://50Taps.com
Big Acai Des Moines,Food Truck,https://www.bigacaibowl.com
Riddim N Spice,,https://www.riddimnspice.com
1.Deccan Spice,Jersey City,http://www.deccanspice.com
SOCIETY #1001 - Cherry Street,,http://societyburger.com
Tern Club,,https://www.ternclub.com/
1st Avenue Taphouse,K Town Food Service,http://www.tapkalispell.com
Chef Tony's Seafood Restaurant,"Bethesda, MD",http://www.cheftonysbethesda.com
Tony's Baltimore Grill,Atlantic City,http://www.tonysbaltimoregrillAC.com
Chow Daddy's,Chow Daddy's - Hilton Head,http://www.chowdaddys.com/
The Original JJ Twigs Pizza,Palatine- "Next to the Tracks!",http://www.jjtwigspalatine.com
The '401 Table and Tap,,https://www.the401bellaire.com/
Palmyra Pub and Eatery,,https://palmyrapub.com/
Flat & Point,,https://www.flatandpoint.com/
Truffles Cafe,Truffles - Hilton Head,http://trufflescafe.com/
Beach Tavern,,http://www.beachtavern.net
Scarlet Kitchen and Lounge,Sendero Marketplace,https://scarletkl.com
St. Elmo Brewing Company,,http://www.stelmobrewing.com
Boondocks Sports Grill,,http://www.boondockson71.com
Cult Taco,,https://www.culttaco.com
On Charcoal,,https://www.orderstart.com/oncharcoal
Germantown Pub,,https://www.thegermantownpub.com/
Abettor Brewing Company,,http://www.abettorbeer.com/
BonFire Grill,Tomball,https://www.bonfiregrill.net/
CEVICHE PROJECT,,http://www.cevicheproject.com
Picnic Provisions & Whiskey,,https://nolapicnic.com/
Henbit,,https://henbitaustin.com/
Capitol Creek Brewery,Basalt,http://capitolcreekbrewery.com/
Rock N Roll Sushi,Stockbridge,http://www.rnrsushi.com
Zarda Bar-B-Q,Lenexa,https://zarda.com/
Nhinja Sushi,N May,https://www.nhinja.com
Pastifico 601,,http://www.pasta601.com
Little Donkey,Little Donkey Homewood,http://thelittledonkey.com/
Cobb's Landing,FT Pierce City Marina,https://www.cobbs-landing.com
The Bungalow Alehouse,Ashburn,http://www.bungalow4u.com
Egg Harbor Cafe,Johns Creek,https://www.eggharborcafe.com/
GRAPE + BEAN,ROSEMONT,https://www.grapeandbean.com/pages/Rosemont.html
The West End,Hyannis,http://www.westendhyannis.com
Homemade Taqueria,Maspeth,http://www.homemadetaqueria.com/menu/
Egg Harbor Cafe,Schaumburg,https://www.eggharborcafe.com/
Park Avenue Grill,Amityville Village,http://www.parkavenuegrill.net
Rain City Burgers,,http://www.raincityburgers.com
Daily Jam,Mayo,https://mydailyjam.com
The Waffle Lab,Olive Street,http://www.thewafflelab.com
Warehouse 72,Houston,http://main.warehouse72.com
Dented Keg Brewing Company,,https://www.dentedkeg.com/
Dempsey's Seafood & Steak Restaurant,,https://eatatdempseys.com
August Rhodes,,http://augustrhodesmarket.com
Colorado Coffee Company,Boyd Lake,https://coloradocoffeecompany.com
Mama's Boy Burgers,,http://www.mamasboyburgers.com
Garry's Grill & Catering,,http://www.garrysgrill.com
Mid City Grill,,http://www.midcitygrilljc.com
Terramar Brewing & Distilling,,http://terramarcraft.com
92nd Street Cafe,,http://letsdo92.com
Subworks Deli,,http://www.subworksdeli.com
Union Restaurant,Pasadena,https://unionpasadena.com/
Siegfried's Restaurant and Bier Garden,,https://www.siegfrieds-restaurant.com/
Illegal Pete's,Northside,http://www.illegalpetes.com
Pepper Twins,West Gray,http://txpeppertwins.com
Unleavened Fresh Kitchen,Lake Highlands,http://unleavened.com/
Spahr's Seafood,Des Allemands,http://www.spahrsseafood.com
Candlelight Inn,Rock Falls,https://www.candlelightinnrestaurant.com/
Unleavened Fresh Kitchen,Lakewood,http://unleavened.com/
Phubs,"DECO - Wilmington, DE",http://www.eatphubs.com
JuneShine,Old Grove Road,http://www.juneshine.co
Napoli Wood Fired Pizza & Bakery,,https://www.napoliwoodfiredpizzaandbakery.com
SouthBites Coffee Bar,,http://southbitesatx.com
Magpie Cafe & Coffeehouse,,http://www.mymagpiecoffee.com/
Fill-Up With Billups,Pass Christian,https://www.fillupwithbillups.com
Leku Ona,,http://www.lekuonaid.com/
Paper Doll,Loft Entertainment District,http://www.paperdollbar.com
Tin Angel,S. Main St.,http://www.thetinangel.com
SAVOR GOURMET MARKET & CAFE,,http://www.savorgourmetmarket.com
Sprout,Baggot St,https://www.sproutfoodco.com/
Bollywood Masala,California,http://www.bollywoodmasalacalifornia.com
The Vegan Choice,Midtown Miami,http://www.tvcorg.com/
Brewery Vivant,,http://www.breweryvivant.com
Coppermill Steakhouse,Kearney,http://www.coppermillsteakhouse-kearney.com
Franco's On the Go,Copper Fiddle,http://www.francospescheria.com
El Huapango Mexican Restuarant,Grimes,http://elhuapango.com
DJ'S Pizza Pub,,https://www.djspizzapub.com/
Lavash Cafe,Clintonville,https://www.lavashcafe.com
Broward Center for the Performing Arts F&B,BCPA,https://www.bcfbblog.com/broward-center
Don Campiti's Pizzeria,"Dormont, PA",http://campspizza.com/
Lulu's BBQ,Louisville,http://www.lulus-bbq.com
Uahi Island Grill,,http://www.uahiislandgrill.com
Das Ethiopian Cuisine,,http://www.dasethiopian.com
Spicy Moon Vegetarian Szechuan,East Village,http://www.spicymoonnyc.com
Wildfire Pizza,,http://www.wildfirepizzallc.com
Encore Saloon,,http://www.encoresaloon.com
Twisted Burger,Twisted Burger Grayslake,http://www.twistedburgeronline.com
Mario's Fishbowl,,http://www.mariosfishbowl.com
Ocala Breeders' Sales,,https://www.obssales.com/
BERKLEY BEER COMPANY,,https://www.berkleybeer.com/
Aziza,,http://www.aziza-restaurant.com
Mordecai's On Main,,https://www.mordecaisonmain.com
Charred: A Steak & Oyster Bar,,https://www.CharredOS.com
Joe's Griddle 'n Grill,Joe's Griddle & Grill,https://www.joesdinerroute11.com
Saigon Cafe,Lawrenceville,http://www.saigoncafeusa.com
Moutons Southern Bistro,Leander,http://www.moutonsbistro.com/leander/
Nucleus Raw Foods,Wilkes-Barre,https://www.nucleusrawfoods.com/
Illegal Pete's,Mill,http://www.illegalpetes.com
Next Round Bar & Grill,DTSA,http://www.nextroundsa.com
Egg Harbor Cafe,Streeterville,https://www.eggharborcafe.com/
Milanese Pizza,,https://www.milanesepizza.net/
Wekiva Island,,https://wekivaisland.com
Island Fin Poke,Wesley Chapel -Tampa,https://www.islandfinpoke.com/menu
S.W.D.R Grill Inc DBA Bud & Alleys,,http://www.budandalleys.com
Crosswalk Coffeehouse & Cafe,,http://www.crosswalkcoffee.com
Capitol City Brewery,Washington DC,http://www.capcitybrew.com
Watertown Brewing Company,,http://www.watertownbrewing.com/
Roundabout Grill,,http://www.roundaboutgrill.com/
Spring Street Cafe,,https://www.springstcafe.com/
Cuckoo's Nest,,https://www.cuckoosnest.biz
Collective - Theo's Doughnuts,,https://www.theosdoughnuts.com/
Lost Dog Cafe,Alexandria,https://www.lostdogcafe.com/
Urbana Garden Family Restaurant,,http://www.urbanagardenrestaurant.com
Wingbucket,"McKinney, TX",http://www.wingbucket.com
Squid Ink,"Mobile, AL",https://squidinkeats.com/
The Hub Coffee House & Cafe,West Main Street,http://www.thehubcoffeehousencafe.com
Cornbread,Greensburg,http://cornbreadsoul.com/
Nucleus Raw Foods,Luzerne,https://www.nucleusrawfoods.com/
Play. Wash. Pint.,,http://www.playwashpint.com
Redbird,,http://www.redbirdatl.com
Mizu Izakaya,,https://www.mizudenver.com/
Pizza Artista,"420A W Prien Lake Rd, Lake Charles",https://www.pizzaartista.com
BOA,BOASM,https://boasteak.com
Wong's Wok,,http://wongswokwashpa.com/index.html
Fausto,Fausto,http://www.faustoatthecac.com
Fatty's Taphouse,Fredericksburg,http://www.fattystaphouse.com
aioli Downton,Downtown,http://www.aioliwpb.com
Tailgate Tavern & Grill,,http://www.tailgatetavern.com
Kalaya,,http://www.Kalaya.net
Gangnam Ramen,Glenview,https://gangnamramen.co
SOCIETY #1002 - Mingo,,http://societyburger.com
Racanelli's Pizza,CWE,https://www.racanellis.com
Nick's Cage'n Gastro Pub,Independence Hall,http://www.grinderhousecoffeeshop.com
Pizza Artista,Broussard,https://www.pizzaartista.com/Broussard
Meric's Woodfire Oven & Tavern,,https://www.mericswoodfire.com/
"Mammoth Rock 'n' Bowl, Brasserie & Lounge",,https://www.mammothrocknbowl.com/
Salvadoreno Restaurant #4,,https://salvadorenorestaurant.com/menu/
Craft Pita,,http://www.craftpita.com
Racanelli's Pizza,Kirkwood,http://www.racanellis.com
Pizza Lab,,https://eatpizzalab.com
Market Line,Essex Pearl,https://www.essexpearl.com/
Purple Orchid,Hollywood,http://www.purpleorchidmiami.com
Grill 445,,http://www.grill445.com
Hilltop Coffee + Kitchen,Slauson,https://www.findyourhilltop.com/
Village Idiot Pizza,Five Points,http://villageidiotpizza.com
Good Land Wing Co,Port Washington,http://www.goodlandwingco.com
Thai Ginger,Factoria,http://www.thaiginger.com
Gunwhale Ales,Orange,http://www.Gunwhaleales.com
Tuckerbox,,http://www.tuckerboxvermont.com/
Wild Tacoz,"7167 Lee Highway Falls Church, VA 22046",https://koolfoods.com/
SK's Pizza & Sub,,http://www.skpizzasubs.com
"Inferno Pizza, Pasta & Wings",,http://www.eatinfernopizza.com
The Curb Bar and Grill,,https://curbbarandgrill.com/
Roast House Pub & Restaurant,Pawtucket,http://www.theroasthouse.com
Cheshire Pizza & Ale,,http://www.cheshirepizza.com
Burger Village,Hicksville,http://www.burgervillage.com
5 Burro Cafe,Forest Hills NY,http://www.5burrocafe.com
BriteSmith Brewing,,https://www.britesmithbrewing.com/
Armin & Judy,Bridgehampton,http://www.arminandjudy.com
Bon Bon’s Coffee Company,Maplecrest,http://www.bonbonscoffee.com
The Ugly Tuna 2,Chittenden,https://www.uglytunasaloona.com/
Via Veneto Ristorante Brick,Brick,http://ViaVenetoRistorante.com
Resurgence Brewing Company,Chicago St.,http://www.resurgencebrewing.com
Paci's Dining Room and Lounge,,http://www.pacisdiningroom.com
Trubble Brewing,Broadway,https://www.trubblebrewing.com/
9th St. Nook,,http://www.9thstreetnook.com
Two Brothers Chicken,Woodbridge,https://www.twobrotherschicken.com
Sen Organic Small Plate,,http://www.senorganicsmallplate.com
Taco Rock,Rosslyn,https://thetacorock.com
BOOTSTRAP COFFEE ROASTERS,,https://www.bootstrapcoffeeroasters.com/
Egg Tuck & Bon Bon Tap,Koreatown,http://www.eggtuck.com
Lyles BBQ Company,,https://www.lylesbbqcompany.com
Shelly's Kindred Fare,,http://www.shellyskindredfare.com
Illegal Pete's,Broadway,http://www.illegalpetes.com
Shaker & Peel,,http://www.shakerandpeel
The Ridge Market & Cafe,,https://ridgecafe.com/
Vesta Trattoria And Wine Bar,,https://vestavino.com/
Avenue kitchen + bar,Somerville,http://www.avenuesomerville.com
The Iron Horse,,http://www.theironhorse.com
Pure Project,Bankers Hill,http://www.purebrewing.org
Milwaukee Street Pizza,Janesville,http://www.milwaukeestreetpizza.com
Towne Restaurant,Towne Restaurant,https://www.towneonallen.com
Paragon,,http://www.paragonseattle.com
Gott's Roadside,St. Helena,http://www.gotts.com
Zalat - Demo / Test account,TEST,https://zalatpizza.com/
Groundswell Surf Cafe,,https://www.groundswellsurfcafe.com/
Wokology,,http://wok-ology.com
Scargo Cafe,,http://www.ScargoCafe.com
Lucy's Lounge,Ramada East Syracuse,http://www.syrhotel.com
Bibuta,,https://www.eatbibuta.com/
Soul Bowl,Graze,http://www.soulbowlmn.com
Vistro,,https://vistrorestaurant.com/
Port Edward Restaurant,,https://www.portedward.com
The Kitchen @ Stonebrier,,https://www.thekitchenatsb.com/
Ardent,,http://www.ardentmke.com
Nash's Southern Table and Bar,Nash's Southern Table and Bar,http://www.nashssouthern.com
Mima's 1868 Cuban Cafe,,https://www.mimas1868.com
Tuerta,Tuerta Albuquerque,http://tuertanm.com
Dabomb Sports Grill,Stonecrest/lithonia,http://dabombgrill.com
The Canteen,,https://custerbeacon.com
PORTS Pizzeria,,https://www.portspizzeria.com
Paris Baguette,1022-700 6th Ave,https://www.parisbaguette.com
Steelbound Brewery,Springville,https://www.steelboundevl.com/
Frank's Pizza & Italian Subs,Roanoke,http://www.frankspizzasubs.com
Shine Distillery & Grill,,http://www.shinedistillerygrill.com
Thyme For Lunch,Huebner Road,https://www.thymeforlunchsa.com
VFW Post 1970,West Nashville,https://vfwpost1970.wordpress.com/
The Local,Miramar,https://thelocaljax.com/
The Local,Neptune,https://www.thelocaljax.com/
Malii Thai Kitchen,,http://www.maliinyc.com
Xecora Montebello,Montebello,https://www.xecorarestaurant.com/
LEYE Demo,LAB,https://www.leye.com/
Bandon Coffee Cafe,,http://www.bandoncoffee.com
Red Coach Inn,,https://www.redcoach.com/restaurant/
Hot Lola's,Ballston Quarter,http://www.hotlolaschicken.com
The Coach's Grille,,https://www.thecoachsgrille.com/
Georgian Hall,,http://georgianhall.com/
Olive Pit,Downtown Brea,http://www.olivepitgrill.com
Los Arcos Steak & Lobster,,http://www.losarcossteakhouse.com
Fat Slice Pizza,,https://fatslicepizza.com
Recess STL,,http://recessstl.com/
Nothing But Noodles,Steele Creek Crossing,https://www.nothingbutnoodles.com
Cesarina,,https://cesarinarestaurant.com/
TAP Thai Cuisine,3130 State St,http://www.tapthaicuisine.com
Charge Up,University Co-op Food Court,https://www.chargeupatx.com
Blue Moon Diner,,http://www.bluemoondiner.net
Nasha,,http://www.nashaindia.com/
Spark*d Creative Pastry + Coffee,DECO Food Hall,https://www.SparkdCreativePastry.com
[N7]ice Cream,Store: Plantation,https://www.nicecreamstores.com
Hop Thief TapHouse & Kitchen,,https://hopthieftaphouse.com/
Upper Crust Pizza & Italian Restaurant,,http://www.uppercrustpizzanj.com
Four Stacks Brewing Company,RV,http://fourstacksbrewing.com
2 Home Cooks,,http://www.2homecooks.com
Mae's Sandwich Shop,,http://www.maesmarshfield.com
Atomic Burger,Baton Rouge,http://theatomicburger.com/
Cilantro Noodle,Plaza-Midwood,https://www.cilantronoodle.com/
Egg Harbor Cafe,Alpharetta,https://www.eggharborcafe.com/
The Square Meal,,https://squaremealnj.com/
Painted Taco,Rosemont Taco,https://www.paintedtaco.com/
Channel Club & Tiki Bar,,https://www.channelclubnj.com
Bionic Burger,243 N Main,http://www.bionic-burger.com
Los Tios,Sugar Land,https://www.lostiosrestaurant.com/
The Backstretch,,http://www.thebackstretchbar.com
500F Pizza x Taphouse,,http://500fpizza.com
Space Head,,http://www.space-head.com
Yarmouth House Restaurant,,http://www.yarmouthhouse.com
Athens Burger Bar,"Common Area Market downtown Athens, TX",http://www.commonareamarket.com
Empire Pizza,Newport,http://www.empirepizzabar.com
The Forge Steakhouse,,http://www.TheForgeMorton.com
Flying Sumo,,http://www.flyingsumosushi.com
Iowa Beef Steakhouse,,http://www.iowabeefsteakhouse.com
Carpe Diem Market,1307 N E Sunview Ter. Jensen Beach,http://www.carpediemmarket.com
The Well,,http://www.TheWellLounge.com
Zumi Pizza Company,,http://www.zumipizzas.com
Estefan Kitchen,Orlando,http://estefankitchenorlando.com
1910 Fresh Mexican Kitchen,Austin,http://1910fresh.com
1910 Fresh Mexican,Albert Lea,http://www.1910fresh.com
Local Foods,Upper Kirby,http://www.houstonlocalfoods.com
Tapioca Go,Chesapeake,http://www.tapiocago.online
Pumpernickel + Rye,,http://www.pumpandrye.com
Crust Brothers,"7343 E Shea Blvd, Unit 111",https://www.crustbrotherspizza.com
Walter's303 LOWRY,East Denver (Lowry Town Center),https://www.walters303.com
R&D,,https://www.rdphilly.com/
Poke Poke - Sushi Unrolled,Farmington Hills,http://www.eatpokepoke.com
Slick Mick's Sports Bar & Grill,Niceville,http://www.slickmicksfwb.com
Frothy Monkey,Frothy Monkey,https://www.frothymonkey.com
Button & Co. Bagels - Catering,Catering,http://buttonbagels.com
Swingin Steaks,,https://www.mexicanhatlodge.com
Gott's Roadside,Walnut Creek,http://www.gotts.com
Good Land Wing Co.,Milwaukee,http://www.goodlandwingco.com
Toller Patio Bar,"Dallas, TX",http://www.tollerpatio.com
Plant City Providence,,https://www.matthewkenneycuisine.com/plant-city-pvd
Green District Salads,225 South 5th Street,https://www.gdsalads.com
Pine Valley Market,,http://www.pinevalleymarket.com/
Dotory,,http://www.dotorynyc.com/
Junbi,Rowland Heights,http://www.junbishop.com
benjy's in The Village,,http://www.benjys.com
5 Arch Brewing,,http://www.5archbrewing.com
The Camp Restaurant,,http://www.thecamprestaurant.com
Acadia House Provisions,"Stonington, Maine",http://acadiahouseprovisions.com/
Pho Crimson,Pho Crimson Cafe,http://www.phocrimsoncafe.com
Bamboo - Modern Asian Seafood,Montrose,http://www.bambooseafood.com
Shiloh Food Court,Shiloh's Food Court,https://www.shilohsfoodcourt.com
Maru Sushi,Okemos,https://www.marusushi.com/
Las 3 Marias,,https://las-3-marias.business.site/website/las-3-marias/
McKinley Creekside Cafe,,http://www.mckinleycabins.com
Lucha Cartel,,https://www.luchacartel.com/
Vertigo Fusion Kitchen,Uptown Columbus,https://www.vertigofusionkitchen.com/
Island Ali'i BBQ & Local Food,Island Ali'i Carlsbad,https://www.islandalii.com
YiFang Taiwan Fruit Tea,SD,https://www.toasttab.com/yifang-sd/v2/online-order#!/
Baja Fish Tacos,Santa Ana,http://bajafishtacos.com
Steelbound Brewing,Ellicottville,https://www.steelboundevl.com/
Barking Mad,239 Spectrum Avenue,https://barkingmadcafe.com
Maru Sushi,East Lansing,https://www.marusushi.com/
Texas Meltz,W. Sahara,https://www.texasmeltz.com
Devine Cheese and Wine,,http://www.devinecheeseandwine.com
Red Gravy,Downtown Colorado Springs,http://www.redgravyco.com
Mangoz Grill,,https://www.mangozgrill.com
Greek Palace,,http://greekpalace.com/
95a Bistro & Sushi,Lafayette,https://www.95abistroandsushi.com
The Hub,San Anselmo,https://www.hubsananselmo.com/
Spirit Elephant,,https://www.spiritelephantrestaurant.com
Mr. Wong's Chicken & Rice,Beltline Road,http://www.OriginalCNR.com
Buckland Grill & Pizza,,http://www.bucklandgrillpizza.com
EBC West,West,http://www.ebcwest.com
Georgio's Pizza,South Barrington,https://www.georgiospizza.com
Lost Dog Cafe,McLean,https://www.lostdogcafe.com
Marina Wine,,http://www.marinawine.com
Hub & Spoke Diner,,https://www.hubandspokediner.com
Bonanza Steak & BBQ,,http://www.bonanzasteakandbbq.com
Nortons Main Scoop,,http://www.nortonsmainscoop.com
Pizzabar 141,,http://www.pizzabar141.com
Burger Village,Brooklyn,http://www.burgervillage.com
Pizza Sociale,,http://www.pizzasociale.com
La Latina,Midtown Miami,https://lalatinamiami.com/
LulaBell's Dockside,,http://lulabellsdockside.com/
Bar Lorea,"2004 14th St NW, Washington DC 20009",http://www.barlorea.com
Los Tios,Westheimer,https://www.lostiosrestaurant.com
Donovan's Reef,,http://www.donovansreefbeachbar.com
Sal's Pizza,Crozet Plaza,http://www.salspizzacrozet.com
Cha House Raleigh,Raleigh,http://www.chahouseusa.com
Los Tios,Beechnut,https://www.lostiosrestaurant.com/
Smith's Downtown,,http://www.SmithsDT.com
Verde Latin,,http://www.verdelatin.com/
The Ranch Bar & Grill,,http://www.ranchbargrill.com
Bon Bon's Coffee Company,Dupont,http://www.bonbonscoffee.com
Empire Pizza,Rock Hill,http://empirepizzabar.com
Rothschild's Restaurant,"Corona Del Mar, CA",https://www.rothschildsrestaurant.com
Ziggy’s Kielbasa House,Leander,http://www.ziggysatx.com
Cross Street Chicken and Beer,Convoy St,http://www.crossstreetcnb.com
HoCo Brew Hive,,https://hocobrewhive.com
The Rail House 10803,,http://www.TheRailHouse10803.com
Local Slice Pizza & JuJu's Boba Drinks (during peak times-deliveries may be longer than the given time),Cedar Park,http://www.localsliceaustin.com
Goodfellas Pizzeria - Distillery,,https://www.goodfellaspizzeria.com/
Port Royal,,https://www.portroyal-nbma.com/
Vie,,https://www.vierestaurant.com/
MIRO,,https://www.mirorestaurant.com/
Rosewood Kitchen,608 Mission Ave,http://www.rosewoodkitchen.co
Banks' Kitchen,Porter's Neck,http://www.holtcstore.com
Mario's Famous Pizzeria,,http://www.mariosfamouspizzeria.com
State of Mind Public House and Pizzeria,Downtown Los Altos,http://www.stateofmindpublichouse.com
Build A Burger,,http://www.mycustomburger.com
Nom Nom Banh Mi,2491 Telegraph Ave,http://nomnombanhmi.store/index.html
South Side Kitchen & Pub,,https://www.southsidekp.com
Bon Appetit Caribbean Cuisine,Irvington Location,http://bonappetit1.com
Nestle Toll House Cafe by Chip,Galleria Dallas,https://nestlecafe.com
Capri the Food Island,Capri Kingsport,https://www.caprikingsport.com
The Jefferson Depot,,http://www.thejeffersondepot.com
Buffalo Chip Saloon & Steakhouse,"Cave Creek, Arizona 85331",http://www.buffalochipsaloon.com
Diversion,,http://www.diversioneatery.com
Ezze Pizza,,http://www.ezzepizza.com
Shrimp Basket,Davis Hwy,https://shrimpbasket.com/
Purple Orchid,Downtown,http://www.purpleorchidmiami.com
Metro Center Café,,https://www.cidining.com/
Top Hog BBQ Restaurant,,http://Top-Hog.com
X BAR,,http://www.xbardenver.com
Ed’s Kitchen,,http://www.edskitchencatering.com
Coals,Bayside,http://www.coalsportland.com
My Thai La Habra,,http://mythai90631.com/
La Josie,,https://www.lajosie.com/
Post Office Pies,Avondale,http://www.postofficepies.com
Burger City,Ridgewood,http://www.burgercityli.com
The Urban Deli,,http://www.theurbandelireno.com
Rocky's NY Deli & Italian Catering,,http://www.rockysofsavannah.com
Ling & Louie's Asian Bar and Grill,Scottsdale,https://www.lingandlouies.com
Henry’s Garden Grove,,https://henrysgardengrove.com
Big Hops,Bitters,http://www.bighops.com
Cajun Catch,,http://cajuncatch.com
The Alley Bistro and Wine Bar,,http://www.thealleybistro.com
KoKyu,Southpoint,http://www.kokyubbq.com
Rockmill Brewery,Lancaster,http://www.rockmillbrewery.com
Paris Baguette,Fremont,https://www.parisbaguette.com
Woody's Sports Tavern & Grill,,http://www.woodysportstavern.com/
Colibri Mexican Bistro,Colibri - SF,http://www.colibrimexicanbistro.com/
Greek Xpress,Franklin Square (182 New Hyde Park Rd)),http://www.greekxpress.com
Aziz Maredia’s Test Restaurant,Boston HQ,http://www.fritabatidos.com/
Cafe Bali,,http://www.cafebaliusa.com
Tripping Animals Brewing,Doral,https://www.trippinganimals.com
Annapurna Simply Vegetarian,Hoffman Estates,https://eatannapurna.com/
Lost Boy Cider,,http://www.lostboycider.com
Compass Arena,,http://www.compassarena.com
Ponderosa Steakhouse,Louisville,http://www.pondotogo.com
Herrenhaus Elflein,,https://www.herrenhauswine.com/
Elation Brewing,,https://www.elation.beer
Groove Burgers,Athens,http://www.grooveburgers.com
Greenleaf,,http://www.greenleafmilford.com
TAP The Asian Project,1001 N San Fernando Blvd,https://www.theasianproject.com/
Bao Hiroo,DTLA,https://www.baohiroo.com/
Timberline Craft Kitchen & Cocktails,"Silverthorne, CO",https://www.TimberlineCraftKitchen.com
Big Acai West Des Moines,Valley Junction,https://www.bigacaibowl.com
Egg Harbor Cafe,Lincolnshire,https://www.eggharborcafe.com/
The Wildflower Cafe,,http://www.wildflowermason.com
Made-n-L.A. Food Truck,All over Houston TX,https://www.madenlafoodtruck.com
Ponderosa Steakhouse,Madison,http://www.pondotogo.com
Howell's Kitchen and Bar,,http://howellskitchenbar.com/
Tavern 101,,http://tavern101restaurant.com/
Bar Bandini,,http://www.barbandini.com
Iverstine Butcher,,https://www.iverstinefarms.com/
DeGidio‘s Restaurant & Bar,,https://www.degidios.com/
Stripp'd,,http://www.strippdjuice.com
Greco's New York Pizzeria,,http://www.grecospizza.com
Chop Shop Casual Urban Eatery,CS SOBO,http://www.coloradochopshop.com/
Mägo,,http://www.magorestaurant.com
Paris Baguette,1008-H-Mart Ridgefield,https://www.parisbaguette.com
Dog House,Downtown,http://www.doghousedeli.com
Cafe Dacha,,https://www.cafedacha.com
Dixie Picnic,Lincoln Court Shopping Center,https://www.dixiepicnic.com/
Sky Blossom,Sky Blossom,http://www.skyblossombistro.com
Bacon & Jam,Mount Greenwood,http://www.baconandjamchicago.com
Micho,,http://www.micho_chs.com
Anejo,Hell's Kitchen,http://anejonyc.com
Teresa's Cafe,,http://www.teresas-cafe.com
El Rey Taqueria,Bunker Hill,http://www.elreytaqueria.com
Michael Forbes Grille,,http://www.michaelforbesgrille.com
Sockeye Grill & Brewery,,http://www.sockeyebrew.com
Glow Live Food Cafe,,https://www.glowlivefood.com/
Chow Yum Phat,Perkins Overpass,http://www.chowyumphat.com
Mingle Juice Bar,,http://www.minglejuicebar.com
Buffalo Block Prime Steakhouse at the Rex,,https://buffaloblock.com
Patterson Inn,Capitol Hill,http://www.PattersonInn.com
HEISEI Japanese Restaurant,,http://www.Heiseirestaurant.com
Cachapas y mas,Ridgewood,https://www.cachapasymas.com/
10 PIZZA,City of Falls Church,http://10pizza.online
Santa Barbara Craft Ramen,,http://www.santabarbaracraftramen.com
LaFina,,http://www.lafinarestaurant.com
SchoolHouse 7 Cafe,,http://www.schoolhouse7cafe.com
Derby City Pizza Co.,Fairdale,http://www.derbycitypizza.com
The Rusty Nail,The Rusty Nail,http://www.rustynailnola.com
Broad Leaf Local Beer,,https://broadleafbeer.com/
IDG,Test Lab,https://rokusunset.com
MR C'S RESTAURANT,,http://www.mrcsconcord.com
Thai Esane,,http://www.thaiesane.com
proof.,,http://www.proofct.com
Double Helix Wine & Whiskey Lounge,,http://www.doublehelixwine.com/
"Nonna Rosa Traditional Italian Kitchen, INC",,http://www.nonnarosaskitchen.com
Moo & Brew Restaurant and Bar,,http://www.mooandbrew.com/
Mission Oak Grill,Newburyport,https://missionoakgrill.com
Wiseguys Pizzeria,Alexandria,http://www.wgpizzeria.com
Dear Inga,,https://www.dearinga.com/
Hop Haus Brewing Company,,https://www.hophausbrewing.com
P&C,,https://www.pandcdining.com
Dharani South Indian Cuisine,Morrisville,http://www.dharanirtp.com
Messina,,http://www.messinasocialclub.com
Mezquite Tacos & Fuego,,https://www.mezquitetacos.com/
Off The Stick Fresh Grill,,http://www.offthestick.com
Bel Mare Ristorante,,https://www.belmareristorante.com/
Little Jim Bait and Tackle,Little Jim,https://www.littlejimbaitandtackle.com
Ando Sushi + Bar,,https://andosushi.com/
The Pig & The Pearl,,http://www.thepigandthepearl.com
Courtyard Deli,,http://courtyarddelicafe.com
Galvin's On Main,,http://www.galvinsonmain.com
Hands On Thai & Sushi,Addison,http://www.handson.us
Wildfire Public House,,http://wildfirepublichouse.com/
Fatboys Kitchen and Bar LLC,New London,http://www.fatboyskitchenandbar.com
Lucy's Retired Surfers Bar and Restaurant,Biloxi,http://www.lucyssurf.com
Buta Japanese Ramen,5201 Linda Vista Rd #103,https://buta-japanese-ramen.business.site
"Deutscher Club of Clark, NJ",,https://deutscherclub.us
El Sirenito,El Sirenito,http://www.elsirenitoseattle.com/bienvenido.html
Lui Lui,Nashua,https://www.luilui.com/
Mezza Luna,Allendale,https://www.mezzalunabistro.com/
Rusty Pelican,,http://www.sippinstation.com
U.B. Dogs,The Loop,http://www.ubdogs.com
LaRosa's,,http://www.larosasofandover.com/
La Loteria Taqueria,,http://.laloteriadenver.com
Saigon Cafe,Decatur,http://www.saigoncafeusa.com
USS Chowder Pot IV,,http://www.chowderpothartford.com/
Coastal Kitchen & Daiquiri Bar,,https://www.coastalliny.com/
Phyre Brewery & Tavern,,https://phyre-brewery-and-tavern.business.site/
The Chicken Basket,Wheaton,http://www.chickenbasketwheaton.net
Pho Bowl - Addison,Addison,http://www.phobowlinc.com
Cafe @ Palisades TC,Palisades Tennis Club,http://palisadestennis.com/ptc/
Grove City Brewing & Plum Run Winery,,http://www.grovecitybrewingcompany.com
Taqueria El Fundador,,http://tefphoenix.com/
Pita Potle,,https://www.pitapotle.com/
The Mill Street Tavern,,https://www.themillstreettavern.com/
Sir Walter Coffee,Holly Springs,https://www.sirwaltercoffeekitchen.com/
Stone Mill Bread Co.,,http://www.stonemillbread.net
"Blu, The Restaurant",,http://www.blutherestaurant.com
Grumpy's Bar-B-Que Roadhouse,,https://grumpysbbq.net/
Bella Roma Grill,,http://www.bellaromagrill.com
Sunny's Drive-In,"Lockport, New York",http://www.sunnyslockport.com
Unleavened Fresh Kitchen,University Park,http://unleavened.com/
Rico's Pizzeria,,http://www.ricoswalpole.net
Eureka Springs Coffee House,Historic Downtown,http://www.eurekaspringscoffee.com
Poke Poke - Sushi Unrolled,Troy,http://www.eatpokepoke.com
Centrolina,,http://www.centrolinadc.com
Pizzeria Bardea,DeCo,http://www.pizzeriabardea.com
DB's • Eats & Beats •,,http://www.dbscolumbia.com
Laugh Factory,Hollywood,http://www.laughfactory.com
The Hollywood Hillbilly,Downtown Rogersville TN,http://thehollywoodhillbilly.com/
Happy Creek Coffee & Tea,Training,http://www.happycreekcoffee.com
La Mexicana Restaurant,Montrose,https://www.lamexicanarestaurant.com/
Egg Harbor Cafe,The Glen,https://www.eggharborcafe.com/
Crave,Ansonia CT,http://www.crave102.com
Tony's New York Style Pizza,,http://Tonysnystylepizza.com
Culhane’s Irish Pub,Atlantic Beach (AB),https://www.culhanesirishpub.com
Ogeis Grill,,https://ogeisbargrill.com/
Roots on Railroad,,https://rootsonrailroad.com/
Maru Sushi,Kalamazoo,https://www.marusushi.com/
Cafe Corazon,,http://www.corazonmilwaukee.com
Signature Theatre,,https://www.sigtheatre.org
Seguin Brewing Co,,http://www.seguinbrewing.com
The Farm Table Restaurant,"311 Main Street, Placerville, CA  95667",https://ourfarmtable.com/
Smiley's,,http://www.smileysgolden.com
Racanelli's Pizza,St. Peter's,https://www.racanellis.com
The Hutch,,https://www.thehutchgrafton.com
Goodwood Brewing Company,Louisville,https://www.goodwood.beer/
The Beet Box Cafe,Haleiwa,https://www.thebeetboxcafe.com
Coast,Palladuim,http://www.coasthighpoint.com
Truffles Cafe,Truffles -Bluffton,http://trufflescafe.com/
New Glarus Bakery,,https://www.newglarusbakery.com
En Fuego Cocina Mexicana,Beverly,https://www.eatenfuego.com/
Grown,Connecticut,https://www.grown.org
Pizza Artista,5409 Johnston St,https://www.pizzaartista.com
The Garage Brewery,,http://garage-brewery.com
Golfo Di Napoli Dairy Caffè,Warren,http://www.golfodinapolidairy.com
Twenty Manning Grill,,http://www.twentymanning.com
R&R Seafood Bar,R&R Seafood Bar,http://rrseafoodbar.com
The Green Bowl,,http://www.thegreenbowlny.com
Habana SoCo Restaurant,Habana Restaurant,http://www.HabanaAustin.com
The Village,"Bryan, TX",http://www.thevillagedowntown.com
Bon Bon's Coffee Company,PFW,http://www.bonbonscoffee.com
Neal's Coffee Shop,San Mateo,http://www.nealscoffeeshop.net/
Dandy Lion,,http://www.thedandylioncafe.com
Old King's Coffeehouse,Yarmouth/Hyannis town line,http://www.oldkingscoffeehouse.com
Bin 612,,http://www.eatlocalstarkville.com
Brauer House/BHouse LIVE,,http://Brauerhouse.com
Maru Sushi & Grill,Grand Rapids,https://www.marusushi.com/
El Azteca,Clarksville,http://www.elaztecamd.com
Hopworks Urban Brewery,Powell,https://hopworksbeer.com/
Dirty Root,,http://www.dirty-root.com
Omar's Pizza & Mediterranean Grill,,http://www.omarspmg.com
Scusi,,https://www.scusirestaurants.com/
Mario's Fishbowl,Suncrest,http://www.mariosfishbowl.com
Redbeard's Sports Bar & Grill,Mt. Washington,https://redbeardspgh.com/
"South Beach Takeout, Catering, & Delivery",,http://www.southbeachobx.com
Hopworks Urban Brewery,Williams,https://hopworksbeer.com/
Chef & Somm,,http://chefnsomm.com/
Willy's Mexicana Grill,Demo,https://willys.com/
The Sweet Spot,"Allentown, PA",http://thesweetspot.golf
Brookside Tavern,,http://www.brooksidetavern845.com
Piazza 1909,,https://www.piazza1909.com
Raven’s Nest Coffee House,,https://www.ravensnestcoffeehouse.com/
ita kitchen,,https://www.itakitchen.com/
Gott's Roadside,Marin,http://www.gotts.com
Plan Check Kitchen + Bar,Sawtelle,https://plancheck.com/sawtelle-west-los-angeles/#sawtelle-menu
Harry's Bar & Grill,,https://www.harrysbarboston.com
Cohen's Bagel Company,,http://www.cohensbagelcompany.com
Cafe Vico Restaurant,Fort Lauderdale,http://www.CafeVicoRestaurant.com
Lia's Pizzeria Oceanside,,https://liaspizzeriaoceanside.com/
Piola - SOBE,South Beach,http://www.piola.it/local-miami-beach/cities/display
Wing Maxx of Lake Oconee,of Lake Oconee,https://www.wing-maxx.com
Outerbelt Brewing,,https://www.outerbeltbrewing.com/
Bottoms Up Bar & Grill,,http://www.bottomsuponline.com
Maggi's Pizza & Subs,"Damascus, Maryland",http://www.maggispizzaanddeli.com
The Tavern,State College,http://www.thetavern.com
Souper Subs Cafe,Table Mt,http://www.soupersubs.com/
Racanelli's  Pizza,Delmar,http://www.racanellis.com
Sapphire Fine Food and Fancy Drinks,,http://www.sapphireknoxville.com
Dispensa Italian Charcoal Kitchen,,http://www.dispensasf.com
Greek Xpress,Plainview (437 S Oyster Bay Rd),http://www.greekxpress.com
Gregory's Diner,,https://www.gregorysmiami.com
The Club at Diamond Beach,Wildwood Crest,http://www.theclubatdiamondbeach.com
Carmine's Clamhouse,,https://rosebudrestaurants.com/carmines-gold-coast/
Cafe Pizzaria,,http://www.cafepizzaria.com
Frank's West Ristorante,,https://frankswest.com/rooadmin/
Lemongrass Restaurant & Sake Bar,,http://www.lemongrassnh.net
Emmer & Rye,,https://emmerandrye.com/
September’s Upscale,Rockbrook Village,https://www.septembersupscale.com
Drumconrath Brewing Company,,https://drumconrathbrewing.com/index2.html
Southside Market & BBQ,Bastrop,https://www.southsidemarket.com
Sips Cafe,149 Pattonwood Drive,http://www.sipsrochester.com
Egg Harbor Cafe,Hinsdale,https://www.eggharborcafe.com/
Aurelio's,Lab,https://www.aureliospizza.com/location/homewood/
Casa Del Mar,Norton,https://www.casadelmarnorton.com/
Red South Beach,,https://redsobe.com
El Pitayo Mexican Kitchen,,https://elpitayo.com
Cheesecake Culture,,https://cheesecakeculture.com
Bunker Hill Short Stop,,http://www.bhshortstop.com
Paris Baguette,1020-1270 Lexington,https://www.parisbaguette.com
Pizza Sam's,,http://www.pizzasams.com
Rubicon Deli,Mission Hills,http://www.rubicondeli.com
The Slinger House Pub & Grille,,http://www.theslingerhouse.com
Souper Subs,Oro Dam,http://www.soupersubs.com/
Tap N' Tacos,Coralville,http://tapntacostogo.com
Breakfast Bitch,,http://www.eatbreakfastbitch.com
Spice Room | Neighborhood Indian Bistro,"38th Ave, Denver",https://www.denverspiceroom.com
Mt. Carmel Society Bar,,https://www.mtcarmelclub.com/?fbclid=IwAR1ShqaPryX0Dfcd4UTSrBXC-4qI0NZLG0TuYok6X5kOefmpziphErA0auI
StayNaked Kitchen,,https://www.staynakedkitchen.com
StarBQ House,Johns Creek,https://www.starbqhouse.com
Rock n Roll Sushi,Foley,http://www.rnrsushi.com
Daily Jam,Mill,https://mydailyjam.com
Rumba,,http://www.rumbaonpike.com/
East Ridge Family Restaurant,,http://eastridgerestaurant1.com/index.html
CJ's Brewing Company,,https://www.usahockeyarena.com/cjs
Paris Baguette,1023-990 6th Ave,https://www.parisbaguette.com
Krab Kingz Seafood Indianapolis,Indianapolis,https://krabkingzindy.com/
Society BBQ - The Citadel,,http://www.societybbqmiami.com
Copper State Brewing Co,,https://www.copperstate.beer
Nama,Switch,http://www.namarva.com
Rouge Rabbit,Essen Lane,http://www.rougerabbit.com
Carmella’s Cafe & Dessert Bar,Charleston,http://carmellasdessertbar.com
Giuseppe's Italian Restaurant,,https://www.giuseppes.net
"David's Hamburgers, Mexican Food & Bar",,https://davidshamburgers.com
Il Buco Alimentari,,http://www.ilbuco.com
Bitter Tom's Distillery,Lake Orion,http://bittertomsdistillery.com
Mayville Diner,,https://mayvillediner.godaddysites.com/
City Moose Café & Catering,Nashua,https://citymoosenh.com/
Sherpa Grill Indian Nepali Restaurant,,http://www.sherpagrill.com
Fierro Argentine Grill,,http://www.fierrogrill.com
Desert Door Distillery,,http://desertdoor.com
Foxtown Brewing,,http://www.foxtownbrewing.com
Hanz Diner,,http://www.hanzdiner.com
Mondongo's,,http://www.mondongos.com.co
Square Pie Guys,1077 Mission,https://www.squarepieguys.com
Giovanni's Pizza & Pasta,,https://www.eatgiovannis.com/
Verve Kombucha Kitchen and Bar,Waterloo,https://vervekombucha.com/
Egg Harbor Cafe,Arlington Heights,https://www.eggharborcafe.com/
El Rey Cuban & Mexican Cuisine,Shepherd,https://www.elreytaqueria.com/
Post Oak BBQ,Tennyson Street,http://www.postoakdenver.com
Fireside Grill,,http://www.firesidegrillaz.com
True Bistro,,http://www.truebistroboston.com
Foundry Bar & Grill,,http://www.foundryej.com
Nara Thai,North Houston,http://naradining.com/
Bombay Pizza Company,,http://www.bombaypizzaco.com
The Dancing Bean,Madras,http://www.dancingbeanscoffee.com
Metal Monkey Brewing,,http://www.metalmonkeybrewing.com
PaPPo's Pizzeria & Pub,Nifong,http://www.papposbrewco.com/
Doughby's Pizza and More,,https://www.doughbyspizza.com
Seed Burger,,http://www.seedburger.com
Happy Endings Eatery Catering,Happy Endings Eatery Catering Rosslyn,http://www.happyendingseatery.com
Takee Outee,,http://takeeouteemiami.com
Baci Bistro,30 Aulike Street,http://www.bacibistro.com
Togo's,332678 - San Jose-N. Capitol,http://togos.com
Sugar n' Spice Diner,Reading Rd,http://www.eatsugarnspice.com
Richpond Market & Deli,,http://www.richpondmarket.com
Basil Pizzeria & Trattoria,,http://www.get-basil.com
BomBiscuit,,http://www.bombiscuit.com
HedgeHog Grill,,http://www.hedgehoggrill.com
Pomodoro's,Catskill,http://www.Pomodorosny.com
All About The Burgers,,https://allabouttheburgers.com/
New State Burgers & Spirits,,http://www.newstateburgers.com
The Hideawaygrille,,http://www.hideawaygrille.com/
Island City Brewing Company,,http://islandcitybrew.com/
Carib Shack,,http://caribshack.biz
Cattle -n- Clover,,http://www.cattlenclover.com
Little Prince,Main Street,https://littleprince.la/
Gunwhale Ales,Costa Mesa,http://www.gunwhaleales.com
Blind Dragon,BD,http://blinddragonla.com/
510 Johnny's,"510 Marketplace Drive  Bel Air, MD 21014",https://www.510johnnys.com/
The Bloom Cafe at Quality Gardens,,http://www.bloomcafeqgi.com
Gustaly,,https://www.gustaly.com
Pizza Roto,Madison,http://pizzaroto.com
Maslow's,,https://www.farestart.org/maslows
Rod's Charbroiler,,https://www.rodscharbroiler.com
Harolds Chicken,,http://www.haroldschickenwindyhill.com
Hannah's Bretzel,Washington St,http://www.hannahsbretzel.com
Slappy Cakes,,http://www.slappycakes.com
Terre Haute Brewing Co,,http://www.terrehautebrewingcompany.com
The Real Food Academy,,https://therealfood.cafe/
Market Line,Substance Vitality Juice Bar,http://www.substancejuice.com
Lakeview by Peppersmash,,https://www.peppersmash.com
Grown,Orlando,https://www.grown.org
Cinco 5 International,,https://www.cinco5sb.com/
Lombardi Pizza Co.,,https://www.lombardipizzaco.com
Mr. Wong's Chicken & Rice,Northwest Hwy.,http://www.OriginalCNR.com
Cotton Kitchen,,http://www.cottonkitchenutah.com
Katie's Kitchen,,http://www.katieskitchenonline.com
Sofie's Whiskey and Wine,"Woodstock, IL",https://sofieslounge.com
Fatty's Taphouse,Stafford,https://fattystaphouse.com/
Islamorada Fish Company,Bolingbrook,http://www.islamoradafishco.com
Lucky Duck Pizza & Subs,Lucky Duck Waterford,http://www.luckyduckpizzas.com
Southside Market & BBQ,Elgin,https://www.southsidemarket.com
Rock N Roll Sushi,Canton GA,http://www.rnrsushi.com
Grown,South Miami,https://www.grown.org
Do Good,,http://www.dogoodrm.com
Thunderhead Pizza,Wisteria Plaza,http://www.thunderheadpizza.com
BC Pizza of Traverse City,Corner of S Airport,http://www.bc.pizza
Beacon Hill Chocolates,,http://www.beaconhillchocolates.com
IDG,Golden Image,https://rokusunset.com
Brent’s Drugs,,https://www.brentsdrugs.com/
Pizza Roto,Concord,http://pizzaroto.com
TopSpin,,http://www.topspinaustin.com/
Togo's,335102 - Salinas-Monterey,http://togos.com
Rock N Roll Sushi,McDonough,http://www.rnrsushi.com
Park Avenue Pizza,,http://www.parkavepizzajc.com
Comfort LA,DT LA,http://www.eatcomfortla.com
Bacco Trattoria & Mozzarella Bar,,https://www.BaccoBoulder.com
The Hub,The Hub Oaks,https://www.arnoldsffc.com/The-Hub
The Hideaway Saloon,,http://hideawaysaloon.com
The Blarney Stone Pub,,https://blarneystonepub.yahoosites.com/
Culhane’s Irish Pub,Southside (SS),https://www.culhanesirishpub.com
Madera Tex Mex BBQ & Tap,,http://www.maderatexmexbbq.com
Buxton Hall Barbecue,,http://www.buxtonhall.com
Gringo's Cantina,,http://www.Gringoscantinafood.com
Nomans,,http://www.nomansmv.com
Illegal Pete's,Colfax,http://www.illegalpetes.com
Iron Bridge Icehouse,,http://www.ironbridgeicehouse.com
Freddy's Wings & Wraps,,https://eatfreddys.com/
Ristorante LIDI,Daniel Island,http://www.ristorantelidi.com
El Azteco East,East Lansing,https://www.elazteco.net/
Giovanni's Pizza New Circle,128 East New Circle Rd,https://www.Giovannisoflexington.com/home.html
Kourosh Restaurant,Woodland Hills,http://www.kouroshrestaurant.com
Field's Steak & Oyster Bar,,https://www.FieldsBSL.com
Pauly's Pizzeria & Sub Co.,,http://www.paulys.com
Kings of Kobe,West 42nd Street,https://www.kingsofkobe.com
Collective - Oh Baby,,https://ohbabyokc.com
Omaha Micah Stradling,,http://www.google.com
Valley Water Cafeteria,5750 Almaden Expressway,https://www.valleywater.org/
Uncle Bear's Brewery,Queen Creek,https://www.unclebearsaz.com/
Spicy Moon Vegan Szechuan,West Village,http://www.spicymoonnyc.com
Tandoor,,http://www.grovetandoor.com
Brew Republic Bierwerks,,https://brewrepublic.beer/
Slake Cafe,Downtown Austin,http://www.slakecafe.com
Egg Harbor Cafe,Barrington,https://www.eggharborcafe.com/
Voodoo Bayou,Palm Beach Gardens,http://voodoobayous.com/
Stellar Coffee Co,San Marcos,https://www.stellarcoffeecotx.com/
Joe Donut,Niles,https://joedonut.com/
Collective - The Flying Pig,,https://theflyingpigbbq.net/
pure juice + kitchen,"Stone Harbor, NJ",http://www.purejuiceandkitchen.com
Mogan's Oyster House,,http://www.mogansoysterhouse.com
The Pullman,,http://www.thepullmanatl.com
Taim,Financial District,http://taimfalafel.com
Island Fin Poke,Worcester,http://www.islandfinpoke.com
Seoul Food Meat Co.,,http://www.seoulfoodmeatco.com
Bistro 1828,,http://www.pepperrellcove.com
Earth Bistro,Temecula,http://www.myearthbistro.com/
Nom Wah Nolita Inc.,,http://www.nomwah.com/nolita
Dooley’s Irish Tavern,Roseville,https://dooleys-roseville.business.site/
The Rocking Horse,Logan Square,https://www.rockinghorsechicago.com/
The Mark,Newark On The Square,http://www.themarkonthesquare.com
Crisp Kitchen,,http://www.crispkitchen.com
Dona Habana Restaurant,,http://www.donahabanarestaurant.com
Taco YOLO,Taco YOLO Fishhawk,https://tacoyolo.com/
Grain Station Brew Works,Monmouth,http://grainstation.com/mcminnville/
Horseshoe Taverne,Durham,https://www.horseshoetaverne.com/
Pizza Roma,19090 NE 29 Ave,https://PizzaRomaAventura.com
Franco's Pescheria,"471 S Rand Road, Lake Zurich, IL 60047",http://www.francospescheria.com
J.J. Grimsby & Co. Restaurant,,http://www.jjgrimsbys.com
Wingman Birdz + Brewz,,https://www.wingmanbirdz.com
Mad Mike's Burgers & Fries,Hamilton,http://madmikesburger.com
The Brewhouse Gallery,Lake Park Arts District,http://thebrewhousegallery.com
Charlie's Italian Restaurant & Pizzeria,,http://www.charlies-italian.com
Rouge,,http://www.rouge98.com
Kafe Kokopelli,,http://www.kafekokopelli.com
Cafe Aion,Boulder,https://www.cafeaion.com/
Coalfire,Southport Ave,http://coalfirechicago.com/
Mohawk,,https://www.mohawkaustin.com/
Boot Lake Bar & Grill,Boot Lake Bar & Grill,https://www.bootlakebar.com
Mendelsohn's Pizza,,http://www.mendelsohns.com
Egg Harbor Cafe,Lake Forest,https://www.eggharborcafe.com/
Sal's Jr. Pizzeria & Italian Restaurant,"7401 Peppers Ferry Blvd. FAIRLAWN, VA",https://www.salsjr.com
Chubby Trout,,http://chubbytrout.com/
Schnitzel Plus,Teaneck,http://www.schnitzelplus.com/
Orchard Smoothie and Cafe LLC,,http://www.instagram.com/orchardsmoothiecafe
ROOH,Chicago,https://www.roohchicago.com/
Crest Cafe,,http://crestcafeonline.com
KiKi,,http://www.kikibistro.com
When Pigs Fly BBQ,Main Street,http://www.whenpigsflybbq.com
Egg Harbor Cafe,Wheaton,https://www.eggharborcafe.com/
The Quaff,,https://www.quaffkc.com/
Michelangelo's Italian Restaurant,"Downingtown, PA",http://michelangelopizzadowningtown.com/home/2544466
Taqueria El Barrio,Brookline/Boston,https://www.taqueriaelbarrio.com/
Cabo Baja Tacos & Burritos,,http://cabobajagrill.com/
Grub Shack,,http://www.toasttab.com/grub-shack
Pearly Baker's Alehouse,,http://www.pearlybakers.net
Village Idiot Pizza,Forest Drive,http://villageidiotpizza.com
Local Slice II (512-358-1780),Cross Park,https://www.localsliceaustin.com
Saigon Cafe,Buford,http://www.saigoncafeusa.com
That's Mine Burgers,Biscayne Commons,https://www.thatsmineburgers.com
Mochiko,,http://www.hawaiianfoodcville.com
Waterfront Seafood,West Des Moines,http://www.Waterfrontseafoodmarket.com
Agua Verde Cafe,,http://aguaverdecafe.com/
Wesley & Rose,,http://www.surfhotel.com
Parc de Ville,,https://www.parcdeville.com/
Piola - Hallandale,Hallandale Beach,http://www.piola.it/local-hallandale-beach-fl/cities/display
43B Bistro + Bodega,Sunny Isles,http://www.43bottles.com
Fika Tea Bar,,https://www.fikateabar.com/
Earth Bowl Superfoods,Fullerton,http://www.myearthbowl.com
El Rey Cuban & Mexican Cuisine,North Loop,https://www.elreytaqueria.com/
Smoke Shack,"Boscawen, NH",http://ss-bbq.com
Sam's Sports Bar & Grill,,http://www.samsbaraltoona.com
Burrito Loco,Mooresville,http://www.goburritoloco.com
The Pickle House,,http://www.thepickle.house
Other Brother Beer Co,Other Brother Beer Co,http://www.otherbrotherbeer.co
Rehman Sweets,,https://rehmansweets.com
Candlelight Inn,Sterling,https://www.candlelightinnrestaurant.com/
The Crest Room,,https://thecrestroom.com/
COLT 804 Grill,Cottonwood,https://www.colt804.com/
Fratelli's,Salisbury,http://www.FratellisSby.com
Lost Dog Cafe,North Arlington,https://www.lostdogcafe.com
Island Fin Poke,Wilmington,https://www.islandfinpoke.com/menu
AXE REPUBLIC,"NewTown, Williamsburg",http://www.axerepublic.com
Illegal Pete's,Tucson,http://www.illegalpetes.com
Cozzola's Pizza,South,http://www.cozzolaspizza.com
Hamburger Mary's Denver,,http://www.milehighmarys.com
Bel Cibo Pizzeria,,https://belcibopizzeria.com/
MoonShadow,,http://moonshadow145.com
74 South at Moretz Mills,,http://moretzmills.com/events/
Local Eatery and Grill,,http://localeaterygrill.com/
Columbus Inn,,https://columbusinn.net/
Grinder House Coffee Shop,,http://www.grinderhousecoffeeshop.com
Kings & Queens Club,,http://www.kingsandqueensclub.com
Berry Knoll Bakery,,http://www.berryknollbakery.com
Euro Cafe,,http://eurocafeclaremont.com
Rosato's Pizzeria & Bakery,,https://www.rosatospizzacny.com/
Allendale Steakhouse,,https://www.allendalesteakhousenj.com
Dovetail Joint Restaurant,Uptown Plaza,http://www.dovetailjointrestaurant.com
Papa's Pizzeria,Polk City,http://www.papas-pizzeria.com
Easy 'Que,,http://www.overeasyhi.com/#/easyque/
Core Kitchen,,https://www.corekitchenaz.com
Ruby,Stevens Point,https://rubycoffeeroasters.com
Sushi Shack,Las Olas,https://ilovesushishack.com/
Tracy's Diner,,http://www.tracysdiner.com
Lazy Dog Tavern,Johnstown,http://www.thelazydog.com
Saffron Bistro,,https://saffron-bistro.com/
Fireproof,,https://fireproofcolumbus.com/
Robin's Cafe,,http://www.robinscafe.net
Cafe 1933,Cafe 1933,http://1933bakersfield.com/
Kolache Krave,Pleasant Grove,https://kolachekrave.com
Beehive Distillery,,http://Www.beehivedistilling.com
The Shuffle Inn,,http://www.theshuffleinn.com
Gran Caffe Gelateria,Near Lynbrook Movie Theatre,http://www.grancaffegelateria.com
The Flora Bakehouse,,https://florabakehouse.com
Pechin Market,Connellsville,https://pechinmarket.com/
Hecho En Oak Park,,http://www.HechoEnOakPark.com
Barracuda Bistro & Bar,active,https://www.barracudanewhaven.com
Uncle Bear's Brewery,Baseline Rd,https://www.unclebearsaz.com/
Mixto Restaurante,,https://mixtorestaurante.com
Grain Station Brew Works,McMinnville,http://grainstation.com/mcminnville/
New York Burger Co.,,http://www.newyorkburgerco.com
Gourmet Station,,https://www.gourmetstation-miami.com
Campo Di Bocce,"Livermore, CA.",http://www.campodibocce.com
Illegal Pete's,FOCO,http://www.illegalpetes.com
"Holy Schnitzel (Aventura, FL)",17871 Biscayne Blvd,https://HolySchnitzel.com
The Garrison,,http://www.thegarrisonmaine.com
Old Ox Brewery,Middleburg,http://www.oldoxbrewery.com
Pour & Famous,,http://www.pourandfamous.com
Surf Boba,,https://surfboba.com/
Industrial Revolution Eatery & Grille,Valparaiso,http://www.industrialrevolutioneatery.com
Prime Time Pub and Grill,,https://www.primetimenewburgh.com
Maine Shack,,https://www.toasttab.com/Maine-shack/v2/online-order#!/
Nauti Dog,Carolina Beach Boardwalk,http://www.nautidogcb.com
Phantom Lounge,,http://www.phantomdc.com
Urban Roots Brewery & Smokehouse,,https://www.urbanrootsbrewing.com
Stafford Wings,,http://www.staffordwings.com
Sushiato,Weston,http://www.sushi-ato.com
Miguel's Mexican Cuisine,520 SW 4th Street Corvallis OR,https://www.miguelsmexicancuisine.com
Lucy's Retired Surfers Bar and Restaurant,Key West,http://www.lucyssurf.com
Lagarde,Chamblee,http://www.LagardeAtl.com
COCO + HAZEL,,https://cocoandhazel.com/
Zona Blu,,http://www.zonabluweston.com
TCCP Roastery,21st Street,http://www.tccproastery.com
Over Easy,Arcadia,https://eatatovereasy.com
Best Pizza Shop,,https://bestpizzashop.com/
Front Porch Grill,,http://www.thefrontporchgrill.com
Max's South Seas Hideaway,,http://www.maxstiki.com
Redwood Smoke Shack,Ghent,http://www.redwoodsmokeshack.com
Pancho's Vegan Tacos,Anthem,http://www.vegantacos.net
George's Drive-In,,https://www.georgesdrivein.com
Togo's,338560 - Redwood City-El Camino Real,http://togos.com
Bronze Hood Grille & Bar,,http://www.bronzehood.com
Rooftop Taco & Tequila Bar,,https://www.RooftopOS.com
Moorpark Pizza Company,Von's Shopping Center,http://www.moorparkpizzaco.com
Gott's Roadside,Palo Alto,http://www.gotts.com
FatDuck Tavern & Grill,Forest Park IL,http://www.fatduckgrill.com/
Cambridge Market & Cafe,Campbell Ln,http://www.cambridgemarketandcafe.com
The Classic,,http://www.theclassichouston.com
CRAVE,Illinois,https://www.LoveMyCrave.com
Egg Harbor Cafe,East Cobb,https://www.eggharborcafe.com/
Taim,Georgetown,http://www.taimfalafel.com
Tacoa,,http://www.tacoasac.com
Egg Harbor Cafe,Buckhead,https://www.eggharborcafe.com/
Empire Pizza,Fort Mill,http://www.empirepizzabar.com
Dream Cake,Timberlake Shopping Center,http://www.dreamcakevbva.com
Obrycki's Restaurant and Bar,Obrycki's,http://obryckis.com
Deutsches Haus,,https://deutscheshaus.org/
Rosie's,Amagansett,http://www.rosiesamagansett.com
Daily Provisions,19th Street,http://dailyprovisionsnyc.com
the bier boutique,"Historic Uptown, St. Pete",https://thebierboutique.com
Juneshine,North Park,http://www.juneshine.co
Tributary Food Hall,"Golden, CO",http://www.tributarygolden.com
Sugar & Spice,Cambridge,http://www.sugarspices.com
Lu's Restaurant,North Loop,http://www.lusrestaurant.com
Poke Poke - Sushi Unrolled,Ann Arbor,http://www.eatpokepoke.com
Zao’s Chinese Kitchen,Zao’s Chinese Kitchen,http://www.zaoschinesekitchen.com
2 Penguins Tap & Grill,,http://twopenguinsdenver.com
UrbanBeat,Old Town - Lansing,http://www.urbanbeatevents.com
South Side Roots,Reeb Avenue Center,https://www.southsideroots.org
Burrito Envy & Tequila Bar,,https://www.burritoenvy.com/
Gentry's BBQ,Mobile Food Truck,https://www.gentrysbbq.com/
Pancho's Vegan Tacos,Ft. Apache,http://www.vegantacos.net
Baldarotta's Porketta & Sicilian Sausage,,http://www.baldarottas.com
Georgio's Pizza,Crystal Lake,https://www.georgiospizza.com
D'Angelos Pizza,Pacific,http://www.dangelospacific.com/
Wasabi,Ankeny,http://wasabidsm.com/wasabi-ankeny/
Nikanos,,http://www.nikanos.com
The Red Piano,Santa Barbara,http://www.redpiano.com
Baby's,Talbott Street,http://babysindy.com/
Kaathis,Lincoln Park,http://kaathis.com
YUMMEFY,707 Richard Arrington Jr. Blvd South,http://www.yummefybirmingham.com
Hao Bao Dumpling House,,http://haobaodumpling.net/
Winery Tasting Room - Sims Way,,http://www.porttownsendvineyards.com
Cibo e Vino,,http://www.ciboevinony.com
Pink Salt,,http://www.pinksaltseattle.com
Taim,Nolita,http://www.taimfalafel.com
Rise N Dine Pancake Cafe,Wheeling,https://www.risendinecafe.com/
BG's Main Event,,http://www.bgsmainevent.com
CupCakes & Beyond,,https://www.cupcakesandbeyondva.com/
LOFT18,Houston,http://www.Loft18.com
Poke Ur Way,Food Truck,http://www.pokeurway.com
Miner's Cup,,https://www.minerscup.com
Noble Riot,RiNo,http://nobleriot.com
Lost Dog Cafe,Dunn Loring,https://www.lostdogcafe.com
Beans & Barley,Mequon,https://www.beansandbarley.com/
Grotta di Fuoco,,http://www.grottalbny.com
Coalfire,Grand Ave,http://coalfirechicago.com/
Off The Hook Express,Houston,https://www.othook.com/
Ribbys,,http://RibbysUSA.com/
Pipeline Taco,Pipeline Taco Wayne,https://www.pipelinetaco.com
Tower Center Memphis,Clark Tower,https://www.TowerCenterMemphis.com
Louisiana Crab Shack,Waco,https://www.louisianacrabshackaustin.com/
Marti's New River Bistro,Bistro,https://www.bcfbblog.com/broward-center
Junbi,Westwood,https://www.junbishop.com
Flint by Baltaire,,http://www.flintbybaltaire.com
DJ's Pizzeria,Spencerport,http://djspizzeria.com
CAV,,http://cavrestaurant.com/
The Haus Pizzeria & Bar,,https://www.thehauspizzeria.com/
Uvae Kitchen & Wine Bar,Andersonville,http://www.uvaechicago.com
Canyon River Grill,,https://www.canyonriver.net/grill/
Clermont Brewing Company,,http://clermontbrewingcompany.com
Big Hops,Huebner,http://www.bighops.com
TACO WOW,,https://www.tacowow.com
Taos Mesa Brewing,Mothership,http://www.taosmesabrewing.com
The Upper Crust,Cedarhurst,https://grazebrands.com/upper-crust
House of Commons,,http://www.houseofcommonstea.com/
Bon Bon's Coffee Company,TOH,http://www.bonbonscoffee.com
Village Idiot Pizza,Olympia,http://villageidiotpizza.com
Astro Doughnuts & Fried Chicken,Falls Church,http://astrodoughnuts.com/
Honey & Rye North Loop,,https://www.honey-and-rye.com/
30 Burgers,Hackettstown,http://30BurgersHKT.com
Smoke N The City,,https://www.smokenthecity.com/
Judy's Pizzeria,Garrity Square,https://www.judyspizza.com
Charlies Coffee House,,https://charliescoffeehousevt.com/
Cuisine By Claudette,Arverne,http://www.cuisinebyclaudette.nyc
We Are The Stackz Co. Suckas!,"Rancho Cucamonga, CA",https://thestackzco.com
Christopher's Kitchen,Midtown at the Gardens,https://christopherskitchenfl.com
Argyles Restaurant,,http://www.argylesrestaurant.com
Old 61 Diner,,https://old61diner.com/
Alice's Restaurant,,http://www.alicespensacola.com
Gale Street Inn,,http://www.galestreet.com
Rubicon Deli,UTC La Jolla,http://www.rubicondeli.com
Sen Restaurant,Sag Harbor,http://www.senrestaurant.com
Via Veneto Manasquan,Manasquan,http://ViaVenetoRistorante.com
Balls of Glory,Historic Leesburg,http://www.BallsofGlory.us
PieCraft,,http://www.piecraftny.com
Louisiana Crab Shack,Georgetown,https://www.louisianacrabshackaustin.com/
Pat's Philly Steaks & Subs,,http://www.Patscheesesteaks.com
Pedal Haus Brewery,,https://pedalhausbrewery.com
Pachanga Cocina Mexicana,PC Ellicott City,http://pachangacocina.com
Bai Tong Thai Street Cafe,,https://www.baitongthaistreetcafe.com
Savory Fare Café,,http://www.savoryfarecafe.com
Foundation Cafe',Martha T. Berry MCF,http://www.marthatberry.org/
Good Land Wing Co.,Brookfield Commons,http://www.goodlandwingco.com
Moca Asian Bistro,Woodbury,https://www.mocaasianbistro.com
Juice’d Cafe,New Bedford,https://www.thejuicedcafe.com/
Norwood Center Pizza & Grille,,http://NorwoodCenterPizza.com
Luigi's West End Pizzeria,,http://www.luigisportsmouth.com
Twenty-Nine Rustic Mediterranean,,http://www.rustic29.com
Cafe La Trova,,https://cafelatrova.com
Prime 13,,https://prime-13.com
The Anchor,Kingston,https://www.theanchorkingston.com
Buccis,,https://www.buccispizza.com/
The Meteor,Austin,http://www.themeteor.cafe
baddpizza - South Riding,South Riding,https://www.baddpizza.com
La Mesa Modern Mexican,St. Charles,http://www.Lamesamodernmexican.com
The Bread and Honey House,,https://www.thebreadandhoneyhouse.com
Audrey Claire,,http://www.audreyclaire.com
Panther Pizza,Milford Center,http://www.milfordpantherpizza.com
Lei'd Poke,Lei'd Poke Tysons Corner,http://www.leidpoke.com
Illegal Pete's,DTC,http://www.illegalpetes.com
Arizona Bread Company,,http://www.arizonabreadcompany.com
The Village Inn,Gambier,http://www.villageinngambier.com
Nantasket Flatts,,http://www.nantasketflatts-hull.com/
Local Foods,Downtown,http://www.houstonlocalfoods.com
Walter's303 UPTOWN,Central Denver,https://www.walters303.com
El's County Line Bar & Grill,,http://www.elscountylinebarandgrill.com
J&J Smokehouse BBQ,,http://www.jjsmokehousebbq.com/
Pifer Bros. BBQ,Food Truck,https://www.piferbrosbbq.com/
Ohio City Pizzeria,,http://www.ohiocitypizzeria.org
Astro Doughnuts & Fried Chicken,G Street,http://astrodoughnuts.com/
Local Foods,Heights,http://www.houstonlocalfoods.com
Sagos,Fort Apache,https://www.sagostavern.com
Warehouse Live,,https://www.warehouselive.com/
Egg Harbor Cafe,Naperville,https://www.eggharborcafe.com/
Chaang Thai Restaurant,,http://www.chaangthai.com
Woks It 2 U,Ronald Reagan Blvd,http://woksit2u.com
The Devil's Advocate,,http://devilsadvocatebar.com
Margaritas,808 Center,https://margaritashawaii.com/
Fill-Up With Billups,Oxford,https://www.fillupwithbillups.com
Bootjack Wood Fired,,http://www.pizzamolina.com
Station 34,,https://www.station34pizzapub.com/
Rina,,http://www.rinakitchen.com
Union Street Pizza,,https://www.unionstpizza.com/
Black Bear Bread Company,Grayton Beach,https://www.blackbearbreadco.com
lou,,http://www.lounashville.com
Woodward Tavern,Mount Pleasant,http://www.woodwardtavern.com
Butler's Market,91 East River,http://www.butlersmarket.com
Egg Harbor Cafe,Lake Geneva,https://www.eggharborcafe.com/
4 Daughters,,http://4daughtersirishpub.com/
Cask & Pig,,http://www.caskandpig.com
New Birth Heart & Soul Cafe,French Valley,http://www.NewBirthHeartandSoulCafe.com
Maizal Mexican Kitchen,,https://www.maizalmexicankitchen.com/
Exhibit 'A' Brewing Company - Beer Garden,Beer Garden,http://www.exhibit-a-brewing.com
Daily Provisions,Upper West Side,http://dailyprovisionsnyc.com
The Brown Cow Ice Cream Parlor,,http://www.browncowicecream.com
12South - Frothy Monkey,12South,http://www.frothymonkey.com
Prager Brothers Artisan Breads,Carlsbad,https://www.pragerbrothers.com
Amsterdam Castle,,https://amsterdamcastle.com/
Isabel's,,http://www.isabelssd.com
Tout De Sweet Pastry Shop,,https://www.toutdesweetshop.com/
Steins Beer Garden,Mountain View,http://www.steinsbeergarden.com
Big Woody's Bar & Grill,General Booth,https://bigwoodys.net/
Mondo Pizza,"Mondo Pizza, Crave Food Hall, IN",http://www.CraveFoodHall.com
Hands On Thai & Sushi,Clybourn,http://www.handson.us
Valentina's Tex Mex BBQ,Manchaca,http://www.valentinastexmexbbq.com
Savona,Gulph Mills,http://www.savonarestaurant.com
Roast House Pub & Restaurant,Blackstone,http://www.theroasthouse.com
Ocean Pines Yacht Club,,http://www.opyachtclub.com
Exhibit 'A' Brewing Company,Tasting Room,http://www.exhibit-a-brewing.com
Slim’s,Brooklyn Center,http://www.eatslims.com
Lyekees Coffee Bar and Brunch,,http://www.lyekees.com/
Barley's Tap Room & Pizzeria,,http://www.barleysknoxville.com
Bare Bowls,,https://www.barebowls.com/
Earth Miami,,https://www.earthmia.com
The Original Crab House,Kendall - Pinecrest,http://www.theoriginalcrabhouse.com
Max Dale's Steak & Chop House,,http://www.maxdales.com
Salumi Kitchen - Lodi,174 Garibaldi Avenue Lodi Nj 10901,http://www.salumikitchen.com
Tacos y Alitas,,https://www.tacosyalitas.com
Stanwood Grill,,http://www.stanwoodgrill.com
Tsue's Farm,,http://www.tsuesfarm.com
Nu Crepes,,http://www.nucrepes.com
The Rambler Kitchen + Tap,,http://www.theramblerchicago.com
PT's Coffee Roasting Company,,https://www.ptscoffee.com/
Dave & Maggie's,,https://www.davidandmargaret.org/what-we-do/dave-maggies-cafe/
Mapleview Family Restaurant,,http://www.mapleviewfamilyrestaurant.com
Blue Ginger Indian Restaurant,"Hayward, CA",https://www.bluegingerrestaurant.com
Taste Bistro and Coffee Bar,,http://www.thetastebistro.com
Pepper Twins,Montrose,http://txpeppertwins.com
Hopworks Urban Brewery,Vancouver,https://hopworksbeer.com/
Wholly Cow Burgers,Downtown,http://www.WhollyCowBurgers.com
Paris Baguette,Lab,https://www.parisbaguette.com
Collective - The Fried Taco,,http://www.thefriedtaco.com
Hestia,,http://hestiaaustin.com
PURE Taqueria,Brookhaven,https://puretaqueria.com
Level a Small Plates Lounge,"Annapolis, MD",http://www.levelannapolis.com
The Chimes (Wrong Shard),Highland,http://thechimes.com
Sable Coffee,,http://www.sablecoffee.com
Old Ox Brewery,Ashburn,http://www.oldoxbrewery.com
Island Fin Poke,Winter Springs,https://www.islandfinpoke.com/menu
The Beet Box Cafe,Kailua,https://www.thebeetboxcafe.com
Sushi Lounge,Morristown,http://www.sushiloungenj.com
Sherrill New York Pizzeria,,https://www.sherrillnypizza.com/
Bellacino's,Demo,https://bellacinosgrinders.com/
Track 32,Feura Bush,http://www.Track32ny.com
Illegal Pete's,Hill,http://www.illegalpetes.com
Senet Game Bar,,http://www.senetgamebar.com
Webb's Captains Table,,http://www.webbscaptainstable.com
Earl's Rib Palace,Memorial,https://earlsribpalace.com
Cappy's House of Pizza,,https://cappyshouseofpizza.com/
Big Town Hero,Vancouver,http://bigtownhero.com/
Pizzeria Beddia,,http://www.pizzeriabeddia.com
Empire Pizza,Indian Land,http://www.empirepizzabar.com
Anthony's Pizza - Altamonte Springs,,http://www.anthonypizzaaltamonte.com/
Barboncino,"Crown Heights, Brooklyn",http://www.barboncinopizza.com
Chef Wayne's Big Mamou: Cajun on the Go,Parking Lot of 350 Worthington St.,http://www.chefwaynescajunonthego.com
Pure Taqueria,Columbus,https://www.puretaqueria.com
SOM ZA THAI CUISINE,,https://www.somzakitchen.com
BAMBOO / Healthy Foods,CSP,http://www.bamboohealthy.com
Nick Filet,"Paoli, PA",http://nickfilet.com/
Some Burros,2 - Stapley/Baseline,http://someburros.com
Sheridan's Unforked,Overland Park,https://www.unforked.com
Taim,Flatiron,http://www.taimfalafel.com
Hungry Coyote,1185 Highland Ave,https://www.hungry-coyote.com
Main Street Roasters,"Nappanee, IN",https://mainstreetroasters.com
Chef's Pho & Grill,,http://www.Chefsphoandgrill.com
Collective - Black Cat,,http://www.BethLyonsBlackCat.com
Lavery Brewing Company,,http://www.laverybrewing.com
Platanito Latin Cuisine,Soscol,https://www.platanitopupusas.com
Tacos N Miches,Downey,http://www.tacosnmiches.com
Lakefront Brewery,,http://www.lakefrontbrewery.com/beer-hall
Mere Bulles,,http://www.merebulles.com
Bistro Nota,,https://www.bistronota.com
Zarda Bar-B-Q,Blue Springs,https://zarda.com/
On the Rocks,,http://www.otrbar.com
Bionic Burger,660 N Ridge Road,http://www.bionic-burger.com
Sushi Pop,,http://www.sushipop.us.com
Galioto's Twelve21,,http://www.galiotostwelve21.com
FOK Brewing Co,"Caguas, PR",http://www.fokbrewing.com
Island Fin Poke,Lake Nona,https://www.islandfinpoke.com/menu
Bricco,Akron,https://www.briccoakron.com/
Bagelmasters,,http://www.bagelmasters.com
Pluck United,,https://plucku.com/
Westboro House of Pizza & Pub,,http://www.westboropizza.com
Joey's,Denver,http://www.joeysfinefood.com
Button & Co. Bagels,Downtown Asheville,https://katiebuttonrestaurants.com/button-co-bagels/
Egg Harbor Cafe,Geneva,https://www.eggharborcafe.com/
Sushi Roku,SRNB,https://www.sushiroku.com/locations/las-vegas
Wiseguys Pizzeria,Oxford,http://www.wgpizzeria.com
Piggy’s Restaurant,"of Lake Harmony, PA",http://www.Piggys-Restaurant.com
El Rey Cuban & Mexican Cuisine,Highway 6,http://elreytaqueria.com
Bamboo Sushi,NE Alberta,https://bamboosushi.com/
Whiskey Bravo’s Coastal Chophouse,Star Hill,http://www.whiskeybravos.com
Connie's Chicken and Waffles Broadway,Broadway Market,http://www.connieschickenandwaffles.com
Clifton's Republic,,https://theneverlands.com/cliftons-republic/
Bodhi Corner Hampden,Hampden,https://bodhicorner.com/
Bricco,Kent,https://www.briccokent.com/
Taim Urban Lex,Midtown East,http://www.taimfalafel.com
Java Espress,Anderson,http://jebeveragecompany.com
Twisted Tomato Pizzeria,Cuyahoga Falls,http://www.twisted-tomato.com
Eagle Park Brewing Company,,http://www.eagleparkbrewing.com/
Pure Taqueria,Alpharetta,https://www.puretaqueria.com
HighBrow Wood Fired Kitchen + Bar,Top of The Hill Crafts ave,https://www.highbrowrestaurant.com/
Egg Harbor Cafe,Oak Brook,https://www.eggharborcafe.com/
MATTER,,https://www.matterbar.com
Garth's Brew Bar,,http://www.garthsbrewbar.com
Cambridge Market & Cafe,Fairview Ave,http://www.cambridgemarketandcafe.com
Mama Fu's Jax,,http://www.mamafusjax.com
Dac's Smokehouse,,https://dacspeoria.com/
Southern Inn Restaurant,,https://www.southerninn.com/
The Hall-CP,,http://thehallcp.com
Anytime Hawaiian BBQ & Local Food - Redondo Beach,Redondo Beach,http://www.anytimehawaiian.com
Acorn Cafe,,https://www.acornnola.com/
Sand Point Grill,,http://sandpointgrill.com/
Stray Cat Cafe,Westover,https://www.thestraycatcafe.com
Petal N Bean Company,Cass City MI,http://www.petalnbean.com
Barrio 75,,http://barrio75.com
Takito Street,Lincoln Park,http://takitostreet.com
Xecora Gastronomia Urbana,El Monte,https://www.xecorarestaurant.com/
Barn-B-Que,,https://thebarnbque.com
AFAMILY,Brickell,http://www.theafamily.com
Letty's,,http://www.lettysonshamrock.com
Great Wall Szechuan House,,http://www.Greatwallszechuan.com
My Place BBQ West,,http://myplacebbqwest.com
La Casa De Pizza,,http://www.lacasadepizza.com/
Gott's Roadside,Ferry Building,http://www.gotts.com
Spice Kitchen & Bar,,https://www.spicekitchenandbar.com
Anna's Brick Oven Pizza and Pasta,Anna's Brick Oven,http://www.annasbrickoven.com
Ottavio's Italian Restaurant,1620 Ventura Blvd,http://www.ottavio.com
TLV,,https://tlv-austin.com/
Lovett's Inn & Restaurant,"Franconia, NH",https://www.lovettsinn.com
Bamboo Sushi,SE 28th,http://www.bamboosushi.com
Buffalo Bayou Brewing Co.,,http://www.BUFFBREW.com
Drunk Shakespeare,The Lion Theatre,http://www.drunkshakespeare.com
Zocalo- MIDTOWN,,http://www.zocalosacramento.com/
Gott's Roadside,Oxbow Market,http://www.gotts.com
Balade Your Way,41st St,http://www.baladeyourway.com
Candlelight Inn,Clinton,https://www.candlelightinnrestaurant.com/
Racanellis Pizza,Webster,https://www.racanellis.com
Rubicon Deli,4S Ranch,http://www.rubicondeli.com
The Big Bean Cafe,Newmarket,http://www.thebigbeancafe.com
Carte Blanche Bistro & Bar,,https://www.eatcarteblanche.com
The Egg Bistro,Chesapeake,http://www.theeggbistro.com
K PASA,"Sag Harbor, Hamptons",http://www.1-800-taco.com
ROOH,Columbus,http://Www.roohcolumbus.com
Fat Pants Brewing Company,,http://www.fatpantsbrewing.com
Lucky Rooster,Market Street,http://www.luckyroostermarketstreet.com
Pietro's,,https://pietrosdining.com/
Bountiful Bread,Guilderland,https://bountifulbread.com/
Amaranthine,Miami Shores,http://amaranthinebistro.com/
Yourway Restaurant,Lake Mead Place,http://www.yourwayrestaurant.com
Sushi Lounge,Hoboken,http://www.sushiloungenj.com
MidNord Empanadas & Churros,,http://www.midnord.com
Peppersmash - A Cocktail Kitchen,,http://www.peppersmash.com
J. Rieger & Co.,,https://www.jriegerco.com/
Illegal Pete's,DU,https://www.illegalpetes.com
The Boathouse Grill,,http://theboathousegrillmc.com/
Axelrad Beer Garden,,http://www.axelradbeergarden.com
Higher Ground Coffee Co.,Union City,http://www.highergroundcoffee.com
Bardo,Southend,https://www.bardorestaurant.com
Earth Bowl Superfoods,"Lake Forest, CA",http://myearthbowl.com
Fill-Up With Billups,Biloxi,https://www.fillupwithbillups.com
Ginger Street,,http://www.GingerStreet.com
Certe,,http://www.certenyc.com
The Revere,,https://revererestaurant.com/
Over Easy,Biltmore,https://eatatovereasy.com
East Liberty Tap House,,https://www.eastlibertytaphouse.com/
Lui Lui,West Lebanon,https://www.luilui.com/
Togo's,Toast Internal,http://togos.com
Franklin Corner Deli,,http://www.franklincornerdeli.com
Roy-Pitz Barrel House,,http://www.roypitzbarrelhouse.com
The Warehouse Bar & Pizzeria Chicago,,http://www.TheWarehouseChicago.com
Lucioso's Pub,"Plymouth, MA",http://www.luciosospub.com
Cielito Lindo,Oakland Park,http://www.cielitolindorestaurants.com
Hill Restaurant Group,GC/Loyalty,http://www.hillrestaurantgroup.com
Big Eddy's Deck Bar,"Thompson Falls, MT",http://www.bigeddys.com
PURE Taqueria,Roswell,https://www.puretaqueria.com
Canteen Chow,,http://www.canteenchow.com
Kinton Ramen,West Loop,https://www.kintonramen.com/usa/
Dos Batos,Anderson Lane,https://www.dosbatos.com
Chai Pani,Asheville,http://www.chaipaniasheville.com/
Bone Appetit,,https://www.instagram.com/boneappetitdeliwp/
Grand Woods Lounge,,http://www.grandwoodslounge.com
Bavaro's Pizza Napoletana & Pastaria,Sarasota,http://www.bavarospizza.com/index.php/sarasota-restaurant
Center Stage Pizza,Center Stage Pizza,http://www.centerstagepizza.com
Friesian Gastro Pub,Grand Rapids,https://www.friesiangr.com/
Hops at the Paddock,,http://www.hopslehighvalley.com
SLAB BBQ,Research Blvd,http://www.dopebbq.com
Franchetti's Gasthaus,Park Point Business Park,http://www.franchettis.com
S.W.D.R. GRILL INC. DBA BUD & ALLEY'S,Taco Bar,https://www.budandalleys.com/taco-bar/
The Coffee Class,,http://www.thecoffeeclass.com
Herd & Horns,,https://www.herdandhorns.com/
Pizza Parliament,"Thurs: Fetch Brewing, Fri: Tantrick, Sat: Rosa Parks Circle",http://pizzaparliament.com
Mission on the Bay,,https://missiononthebay.com
Sins Gastrobar,,http://www.sinsgastrobar.com
Nara Thai,Baytown,http://naradining.com/
Hilltop Coffee + Kitchen,Inglewood,https://www.findyourhilltop.com/
Lucky's Grill,,http://www.luckysgrilltx.com
GP's Hamilton Park,,http://www.gpsrestaurant.com/
Restaurant Tyler,,http://www.eatlocalstarkville.com
Cachapas y Mas,Greenpoint,https://cachapasymas.com/
Catalina Coffee & Cookie Co.,,https://www.catcookieco.com
Crave Kitchen & Cocktails,,http://www.cravekitchenandcocktails.com
Crowbar Restaurant & Lounge,,https://www.toasttab.com/crowbar-restaurant-lounge/v2/online-order#!/
FM Kitchen & Bar,1112 Shepherd,https://www.fmkitchenandbar.com
Swirl Wine Bistro,Coconut Creek,http://swirlbistro.com
82BBQ,,http://82bbq.com
Maru Sushi & Grill,Detroit,https://www.marusushi.com/
Bricco,Cafe,https://www.cafebricco.com/
Daily Jam,Roosevelt,https://mydailyjam.com
Chef Dan's Cafe,,http://www.chefdanscafe.com
Illegal Pete's,Pearl,http://www.illegalpetes.com
PowWow Pizza Company,,http://www.powwowpizza.com
UCH I,SM,https://sm.urgegastropub.com/
The REC Pizzeria,,http://www.therecpizzeria.com
Gayle's Bakery & Rosticceria,"Capitola, CA",http://www.gaylesbakery.com
Diggin's Irish Pub,"Auburn, CA",http://www.digginsauburn.com
Gabriella's Italian Steakhouse,,https://www.gabriellasnj.com
The Black Cow,,https://www.theblackcowga.com
Izzy's Italian Ristorante,Izzy's On Main,https://groundonmaincafe.com/
Ada's,Ada's - Tivoli,https://www.adaslv.com/
Radice,Blue Bell,http://radicerestaurant.com/
Kennedy's  Restaurant,Marlborough MA,http://www.kennedyspub.com
Latina Kitchen and Bar,,http://www.latinakitchenbar.com
Southside Market & BBQ,Arbor Walk,https://www.southsidemarket.com
Big Acai,Ames,https://www.bigacaibowl.com
Zazil Cocina Mexicana - Santana Row,Zazil - SR,http://www.zazilsantanarow.com
Arrosto Italian Rotisserie,,http://arrostoitalian.com
Spahr's Seafood,Downtown,http://www.spahrsseafood.com
Laili Restaurant,,https://www.lailirestaurant.com
joe pizza,Simsbury,http://www.Joe-pizza.com
Tiny House Coffee Roasters,801 Barton Cafe,http://www.tinyhousecoffeeroasters.com
Dandelion Cafe,,http://dandelionhouston.com/
BraiZe,,https://braizefood.com
Gaijin,,https://gaijinchicago.com/
Dos Croquetas,,http://www.doscroquetas.com
Rabano,Hermosa Beach,https://rabano.co
Beef Shack,Bartlett,https://www.beefshack.com
Walter's303 BOW MAR,Littleton,https://www.walters303.com
Poke Poke - Sushi Unrolled,Midtown Detroit,http://www.eatpokepoke.com
Brooklyn Pizza,,https://www.brooklynpizzatally.com/
Plant to the Plate,,https://www.planttotheplate.com
Ohayo Japanese Steakhouse,,http://www.ohayojapanesesteakhouse.com
ah-Sigh-e,123rd & Memorial,http://www.ahsighe.com
Logan's Restaurant,**Incorrect Location**,http://www.eatslims.com
The Warwick Hotel,,http://www.thewarwickhotel.com
Kitchen Of the World,KOW,http://www.kowrestaurant.com
J Grill,,http://glattkosherflorida.com/
Burrito Republic,,http://www.burritorepublicnyc.com/
Rasoi,,http://www.rasoirestaurant.com/rasoi
Jacked Steakhouse,,http://www.jackedsteakhouse.com
Paris Baguette,1024-371 7th Ave,https://www.parisbaguette.com
Moxie Wood Fire Grill,,http://www.moxiegrill.com
Big Acai Bowls,Okoboji,http://www.bigacaibowl.com
17TH STREET DELI,369 E. 17th Street #18,http://www.17thStreetDeli.com
The Waterhole Tavern,,http://www.thewaterholetavern.com
Corner Social,,https://cornersocialnyc.com/
Oceans 234,,http://www.Oceans234.com
"Papa Woody's Wood Fired Pizza, Inc.",Jones421 Marketplace,http://www.papawoodyspizza.com
Egg Harbor Cafe,Elmhurst,https://www.eggharborcafe.com/
Project 47 Smokehouse,,http://www.project47smokehouse.com
Johnny Mo's Pizzeria,Johnny Mo's Pizzeria,http://www.johnnymos.com
Spanish Marie Brewery,,https://www.instagram.com/SpanishMarie
BRUT CHAMPAGNE AND WINE BAR,OLD TOWN ALEXANDRIA,https://BRUTWINEBARVA.COM/
Lobster Place,Chelsea Market,http://www.lobsterplace.com
Ooga Brewing Company,,https://oogabrewing.com
Members Only Lounge,,https://membersonlyatlanta.com
Carbone's Pizzeria,"Long Lake, MN",http://www.carboneslonglake.com
Kama,,https://kamacville.com/
DEMETRIS BBQ,"1901 28th Ave S, Birmingham, AL 35209",https://www.demetrisbbq.com/
Snookers Sports Billiards Bar & Grill,,http://snookersri.com/
Chubby's Diner at KBXtreme,"Kailua-Kona, HI",https://kbxtreme.com/
Freshlys we love cooking,freshlys gyros & cornedbeef,http://www.freshlys.net/
Shin Ramen Hollywood,,http://www.shinramenhollywood.com
Double Zero,Venice Beach,http://www.doublezerovenice.com
THB Bagelry + Deli,Charles Village,http://www.eatTHB.com
Emilie's,East Capitol HIll,http://www.emiliesdc.com
THB Bagelry + Deli,Towson,http://www.eatTHB.com
Shilling Canning Company,,http://www.shillingcanning.com
Poke Poke - Sushi Unrolled,Southfield,http://www.eatpokepoke.com
Tuxedo Cat's Coffee,Bandera,https://tuxedocatscoffeellc.us
BAWK! Catering,,https://www.bawkfriedchicken.com/catering
Tavernpointe,,http://www.tavernpointemidtown.com
RED the Steakhouse,Pinecrest,https://www.redpinecrest.com/
Ghost Pizza Kitchen,"7751 Melrose Ave, Los Angeles",https://www.ghostpizzakitchen.com/
Buttonwoods Brewery,Cranston,http://www.buttonwoodsbrewery.com
SQUARE PEG PIZZERIA,GLASTONBURY,http://www.squarepegpizzeria.com
Redcrest Fried Chicken,Philadelphia,http://www.redcrestfriedchicken.com
Perla Negra Mariscos,Bolingbrook,http://www.perlanegramariscos.com
brick & tin,downtown,http://www.brickandtin.com
Piola - Weston,Weston,http://www.piola.it/local-weston/cities/display
El Burrito Loco,Crest Hill,http://www.elburritoloco.com
RED the Steakhouse,Downtown,http://redthesteakhouse.com
Lalo's Restaurant,Berwyn,http://www.lalos.com
Aroma Mocha Coffee AZ,Aroma Mocha Coffee AZ Avondale,https://www.AromaMochaCoffeeAZ.com
Brass Door,,http://www.brassdoorrestaurant.com/
Chef Rich's Kitchen,Chef Rich's Kitchen,https://www.chefrichskitchen.com
Here's How,1780 Telegraph Avenue,https://www.heres-how.bar/
PokeBoba,Melbourne,http://www.pokebobaviera.com
Zocalo- UV,,http://zocalosacramento.com/
Takos & Beer,,http://www.takosandbeer.com
Lily's Test Kitchen,Toast HQ,http://Lilystestkitchen.com
JoJu,Midtown,http://www.jojuny.com
Sushi Roku,SRSM,https://www.sushiroku.com/locations/santa-monica
The Metropolitan Downtown,,http://www.themetdowntown.com
Sidewalk Chef Kitchen,,http://www.sidewalkchef.com
Village Juice Co.,Village Juice Co. Charlotte Optimist Hall,http://villagejuiceco.com
BOA,BOAWH,https://boasteak.com
30 Somethin Nite Club,,https://www.30somethin.com
The MacMillan Whisky Room,,http://themacmillan.com
Olive Pit,Huntington Beach,http://www.olivepitgrill.com
Rise and Roast,,http://www.riseandroast.com
PM Fish & Steak House,1453 S Miami Ave,http://www.pmrestaurantes.com/en/
Trophy Pizza,Trophy Brewing & Pizza,http://www.trophybrewing.com
Egg Harbor Cafe,Downers Grove,https://www.eggharborcafe.com/
Forge Pizza,Napa,http://www.theforgepizza.com
First Stamford Place Café,,https://www.cidining.com/
Eagle Creek Golf Club and Grill,,https://www.eaglecreekgolfing.com/
White Horse Tavern,Harpers Ferry,http://www.whitehorsetavernhf.com
Thin Brew Line Brewing Company,,http://www.thinbrewline.com
Johnny's Hall of Fame,Johnny's Hall of Fame,https://johnnyshalloffame.com
Bloomsday Cafe,Headhouse Square,http://www.bloomsdaycafe.com
Parranga Taqueria & Cerveceria,Parranga - Strawberry Village,http://www.parranga.com
Bad Habit Brewing Company,,http://www.badhabitbeer.com
Highlands & Hearth71,Detroit,http://www.highlandsdetroit.com
Bionic Burger,3257 E Harry,http://www.bionic-burger.com
The Taco Spot,Hollywood Broadwalk,https://tacospothollywood.com/
Goji Bistro,,http://www.gojibistro.us
Slab BBQ,Oak Hill,http://www.dopebbq.com
Casa do Pastel,Pompano Beach,http://www.casadopastelusa.com
Tilly's Cheesesteaks,,http://www.tillyscheesesteaks.com/
Fishnet,Mount Vernon Marketplace,http://www.eatfishnet.com
Urban Growler Brewing Company,St. Anthony Park,http://www.urbangrowlerbrewing.com/
Marios Family Restaurant,,http://marioscubancuisine.com/about-us/
Casa Do Pastel,Margate,http://www.casadopastelusa.com
Skipper's Pub,Northport,http://www.skipperspub.com
Vinal Bakery,,https://www.vinalbakery.com/
JT Walker's Restaurant & Brewery,,https://www.jtwalkers.com
KITCH Organic,Red Bank,http://www.kitchorganic.com
Savor Bistro,,https://savorbistro.com
Zocalo- FOUNTAINS,,http://www.zocalosacramento.com/
brick & tin,mountain brook,http://www.brickandtin.com
25th Lane,,http://www.flamingobowlonline.com
El Jardin Tequila Bar & Restaurant,Jardin - Santana Row,https://www.facebook.com/jardintequilabar
Chow Daddy's,Chow Daddy's - Bluffton,http://www.chowdaddys.com/
Nami Nori,,http://naminori.nyc
Taishoken,,https://www.taishokenusa.com/
Market Line,Pickle Guys,https://www.pickleguys.com/
Side Street Cafe,,https://www.sidestreetbarharbor.com
Awful Arthur's Seafood Company,Downtown Roanoke,https://www.awfularthursseafood.com/
Taim,West Village,http://www.taimfalafel.com
Sushi Ramen Go,,http://www.sushiramengo.com
Texas Grind Coffee Co,,http://www.txgrind.com
Sushi Roku,SRLV,https://www.sushiroku.com/locations/las-vegas
Pushkart Café,,https://www.pushkartcafe.com
Josephine's Downtown,,https://www.josephinesdowntown.com/t
Farina Neighborhood Italian,,http://farinaraleigh.com
Walters Sports Bar,Navy Yard,https://www.waltersdc.com
Angelo's In The Gap,Cumberland Gap TN,https://www.angelosinthegap.com/
Phuket Thai Restaurant  and Sushi,,https://www.phuketexperience.com
Machupicchu Peruvian Cuisine,,http://restaurant-machupicchu.com/
Lou's Restaurant & Bakery,,https://www.lousrestaurant.com/
Illegal Pete's,Sugar,https://www.illegalpetes.com
The Hub Coffee House & Cafe,Ponder Ct,http://www.thehubcoffeehousencafe.com
Russ & Daughters Cafe,Orchard St,http://www.russanddaughterscafe.com
Cumin,Wicker Park,https://www.cumin-chicago.com
The Iron Room - Rhythm and Spirits,Tennessee Avenue,http://www.rhythmandspiritsac.com
San Pedro,Brooklyn,https://sanpedroinn.com/
Bavarian Bierhaus,Nashville,http://www.bierhausnashville.com
Mickey's Cakes & Sweets,,http://mickeyssweets.com
Island Spice Grille & Lounge,,http://www.islandspicejamaicanrestaurant.com
Red River River Brewing Company,"1200 Marshall Street, Shreveport",http://www.redriverbeer.com
Hublersburg Inn,,http://www.hublersburginn.com
Pizza Roto,Highland Heights,http://pizzaroto.com
Combustion Brewery & Taproom,"Pickerington, Ohio",http://www.combustionbrewing.com
The Spot on Mill Street,406 Mill Street,http://www.thespotonmillstreet.com
Lulu Beans Cafe,,https://lulubeanscafe.com/
Lincoln Square Food Hall,,https://www.lincolnsfh.com/
"The Stretch Restaurant, LLC",,http://www.StretchRestaurant.com
San Jose's Original Mexican,Altamonte Springs,http://www.sanjosesoriginal.com
Cuisine by Claudette,116th St,http://www.cuisinebyclaudette.nyc
Bluffton Brauhaus,,https://www.blufftonbrauhaus.com
Mr. Wong's Chicken & Rice,Story Road,http://www.OriginalCNR.com
Orleans Seafood Kitchen,I-10 & Westgreen,https://orleansseafoodkitchen.com
545 Degrees Bánh Mì Café,,https://545.cafe
Chaiwali,Harlem,http://chaiwali.com/
Piccolina,,http://www.piccolinadc.com
Little Italy Pizza,Groveport,https://www.littleitalygroveport.com/
Logan's Burgers & Chicken,Minneapolis,http://www.EatLogans.com
Bacchus On The Beach,,https://www.BacchusBeach.com
Piola - Brickell,Brickell,http://www.piola.it/local-miami-brickell-fl/cities/display
Pilo's Street Tacos,Brickell,https://www.pilostacos.com/
DB Grill,Kapolei,https://www.dbgrillhi.com/
Pepperfire Hot Chicken,,http://www.pepperfirehotchicken.com
411 South Bar and Grill,,https://www.411southbarandgrill.com/location/411-south-bar-and-grill/
Lola Bistro,,https://www.lolabistro.com/
Thatch,,https://www.thatchmiami.com/
Square Roots,Crown Point,http://www.squarerootscp.com
Il Buco,Bond St,http://www.ilbuco.com
La Baguette,Stanford Shopping Center,https://www.labaguettefrenchbakery.com/
Roll Play Catering,Roll Play Catering Tysons Corner,http://www.rollplaygrill.com
Cluck-N-Burger,Airport Blvd,http://www.cnbatx.com
Stained Glass Pub,Elkridge,http://www.stainedglasspub.net
Astro Doughnuts & Fried Chicken,Catering DC,http://astrodoughnuts.com/
Village Bistro,,http://www.villagebistromilford.com
The Italian Village - Rockwall,,http://www.italianvillagerockwall.com
Walter's303 FLYING HORSE,Colorado Springs,https://www.walters303.com
ICM LUNCHBOX,,http://www.icmlunchbox.com
Tapped Camano,Camano Commons,https://www.tappedpublichouse.com/
Ports of Italy Boothbay Harbor,,http://www.portsofitaly.com
Merengue Restaurant and Catering,,http://www.MerengueRestaurant.com/
Frank's Pizza in Salem,Salem,http://www.frankspizzasalem.com
Toosso Pakistani Kitchen,Sterling,http://www.toosso.com
Stone Country Nightclub & Event Center,"Bartonville, IL",http://www.stonecountrynightclub.com
Some Burros,5 - N Scottsdale,http://www.someburros.com
Lost Dog Cafe,South Arlington,https://www.lostdogcafe.com
Club Cafe,Pittsburgh,http://clubcafelive.com
Oren's Hummus Express,Palo Alto - Town & Country,https://www.orenshummusexpress.com
Health House Foods,,https://www.healthhousefoods.com
Russell's Restaurant & Loft,Russell's Bothell,https://www.russelllowell.com/
Brunina's Pizza and Pasta,,http://www.bruninas.com
LOFT18,Metairie,http://www.Loft18.com
Double D's Sourdough Pizzeria & Tap House,,https://doubledspizza.com/
The Gnarly Gar,"Point Venture, Lake Travis",http://www.gnarlygar.com
Paris Baguette,1025-888 10th Ave,https://www.parisbaguette.com
Kieran's Kitchen,,https://kieranskitchen.com/our-story
Grounded Cafe,Downtown Green Bay,https://groundedcafegb.org/
Minnesota Nice Cafe,,https://www.minnesotanicecafe.com
Clinton Burger Co.,,http://www.clintonburgerco.com
Phubs,Hanover,http://www.eatphubs.com
Phubs,Baltimore,http://www.eatphubs.com
Yalla Yallaa (Mediterranean Cuisine on the Go!),,https://yallayallaa.com
Fifty / Fifty Coffee House & Pub,,https://www.5050coffeehousepub.com/
Pleasure House Brewing,,http://pleasurehousebrewing.com/index.html
Main Streets Market & Cafe,Historic Concord Center,http://www.mainstreetsmarketandcafe.com
Kenwood Tavern,,https://www.coelumbaltimore.com/
Eloise Nichols Grill & Liquors,,http://eloisenichols.com/
Paris Baguette,1011-52nd & Lexington,https://www.parisbaguette.com
Jimmy Burgers,,https://www.theoriginaljimmyburgers.com
CCICafe,,https://www.cherrycreekschools.org/ccic
North Point Grill & Bar,,http://www.thenorthpointmi.com
White Harte Pub,,https://whitehartepub.com/index.html
Greek Xpress,Manhattan (West 40th Street),http://www.greekxpress.com
Edie Jo's,,http://www.ediejos.com
Abie & Bimbo's Pizza,,http://www.abiebimbospizza.com
Groton Station House Restaurant,,https://www.grotonstationhouse.com/
Kaliflower,,https://www.eatkaliflower.com/
Maru Sushi & Grill,Midland,https://www.marusushi.com/
Cornbread,Maplewood,http://cornbreadsoul.com/
Foundry Social,,http://www.thefoundrysocial.com
Alpine Inn,,http://www.alpineinnpv.com
Rialto Cafe,1 Restaurant,http://www.rialtocafe.com
BAWK!,,http://www.bawkfriedchicken.com
Stripers Bar and Grille,Manteo,http://www.stripersbarandgrille.com/home
The Goodyear House,NoDa,http://www.thegoodyearhouse.com
Bierstadt Lagerhaus,RiNo,http://BierstadtLager.com
Chinollo,,https://chinollo.com
Blu's Barbeque,Preston Rd,https://www.blusbarbeque.com/
PLUTO'S,Davis,http://plutosfreshfood.com
Parlor On 7th,Covington,http://www.parloronseventh.com
The Butcher's Daughter,West Village,https://www.thebutchersdaughter.com/
Murphy's Grand Irish Pub,"Alexandria, VA",http://www.murphyspub.com
The Neutral Ground Bar & Grill,,http://www.NeutralGroundNola.com
Burger Village - Canada,"Edmonton, AB",http://www.burgervillage.com
ROOH,.Palo Alto,http://www.roohpaloalto.com
Island Fin Poke,Lake Mary,https://www.islandfinpoke.com/menu
E.R. Bradley's Saloon,,https://www.erbradleys.com/
The Cove,40675 Murrieta Hot Springs Rd,https://www.thecovebarandgrill.com/
Derby City Pizza Co.,Clifton,https://www.derbycitypizza.com
1428 HAIGHT Patio Cafe & Crepery,,https://www.1428haight.com
Which Wich Superior Sandwiches & Paciugo Gelato Caffè,Old Jacksonville Hwy,http://www.whichwich.com
